DROP DATABASE IF EXISTS `retail_chains`;
CREATE DATABASE IF NOT EXISTS `retail_chains`;

USE `retail_chains`;

DROP TABLE IF EXISTS `country`;
CREATE TABLE IF NOT EXISTS `country` (
  id int NOT NULL,
  name VARCHAR(40) NULL,
  code CHAR(4) NULL ,
  language VARCHAR(10) NULL ,
  PRIMARY KEY (id)
) ENGINE=InnoDB DEFAULT CHARSET=latin1;

DROP TABLE IF EXISTS `location`;
CREATE TABLE IF NOT EXISTS `location` (
  id INT AUTO_INCREMENT NOT NULL ,
  street_address VARCHAR(255) NULL,
  postal_code VARCHAR(12) NULL,
  city VARCHAR(30) NOT NULL,
  region VARCHAR(25) NULL,
  country_id INT NOT NULL,
  PRIMARY KEY (id),
  CONSTRAINT location_country_id FOREIGN KEY (country_id) references `country` (id)
) ENGINE=InnoDB DEFAULT CHARSET=latin1;

DROP TABLE IF EXISTS `retail_chain`;
CREATE TABLE IF NOT EXISTS `retail_chain` (
    id INT AUTO_INCREMENT NOT NULL ,
    name VARCHAR(30) NOT NULL,
    industry VARCHAR(30) NOT NULL ,
    founded_year VARCHAR(10),
    headquarter VARCHAR(10),
    revenue VARCHAR(100),
    url TEXT NULL,
    country_id INT NOT NULL,
    PRIMARY KEY (id),
    CONSTRAINT retail_chain_country_id FOREIGN KEY (country_id) references `country` (id)
) ENGINE=InnoDB DEFAULT CHARSET=latin1;

DROP TABLE IF EXISTS `store`;
CREATE TABLE IF NOT EXISTS `store` (
  id INT AUTO_INCREMENT NOT NULL,
  store_name VARCHAR(30) NOT NULL,
  retail_chain_id INT NULL,
  location_id INT NULL,
  PRIMARY KEY (id),
  CONSTRAINT store_retail_chain_id FOREIGN KEY (retail_chain_id) references `retail_chain` (id),
  CONSTRAINT store_location_id FOREIGN KEY (location_id) references `location` (id)
) ENGINE=InnoDB DEFAULT CHARSET=latin1;

DROP TABLE IF EXISTS `job`;
CREATE TABLE IF NOT EXISTS `job` (
    id INT AUTO_INCREMENT NOT NULL,
    title VARCHAR(35) NOT NULL,
    min_salary decimal(6,0) NULL,
    max_salary decimal(6,0) NULL,
    PRIMARY KEY (id)
) ENGINE=InnoDB DEFAULT CHARSET=latin1;

DROP TABLE IF EXISTS `employee`;
CREATE TABLE IF NOT EXISTS `employee` (
  id INT AUTO_INCREMENT NOT NULL,
  first_name VARCHAR(20) NULL,
  last_name VARCHAR(25) NOT NULL,
  email VARCHAR(25) NOT NULL,
  phone_number VARCHAR(20) NULL,
  hire_date date NOT NULL,
  store_id INT NOT NULL,
  job_id INT NOT NULL,
  PRIMARY KEY (id),
  CONSTRAINT fk_employee_store_id FOREIGN KEY (store_id) references `store` (id),
  CONSTRAINT fk_employee_job_id FOREIGN KEY (job_id) references `job` (id)
) ENGINE=InnoDB DEFAULT CHARSET=latin1;

DROP TABLE IF EXISTS `supplier`;
CREATE TABLE IF NOT EXISTS `supplier`(
	id INT AUTO_INCREMENT NOT NULL,
	name VARCHAR(100),
	contact_name VARCHAR(100),
	contact_title VARCHAR(100),
	phone VARCHAR(25),
	location_id INT NOT NULL,
    PRIMARY KEY (id),
    CONSTRAINT supplier_location_id FOREIGN KEY (location_id) references `location` (id)
) ENGINE=InnoDB DEFAULT CHARSET=latin1;

DROP TABLE IF EXISTS `category`;
CREATE TABLE IF NOT EXISTS `category`(
  id INT AUTO_INCREMENT NOT NULL ,
  name VARCHAR(100) NOT NULL,
  description TEXT,
  PRIMARY KEY (id)
) ENGINE=InnoDB DEFAULT CHARSET=latin1;

DROP TABLE IF EXISTS `product`;
CREATE TABLE IF NOT EXISTS `product`(
    id INT AUTO_INCREMENT NOT NULL,
    name VARCHAR(100) NOT NULL,
    description TEXT,
    picture VARCHAR(250) DEFAULT 'No_image_available.svg' NOT NULL,
    weight DOUBLE NOT NULL,
    category_id INT NOT NULL,
    price DECIMAL(10,2) NOT NULL,
    supplier_id INT NOT NULL,
    rate DECIMAL(2, 1) DEFAULT 0,
    PRIMARY KEY (id),
    CONSTRAINT fk_product_category_od FOREIGN KEY (category_id) REFERENCES `category`(id),
    CONSTRAINT fk_product_supplier_id FOREIGN KEY (supplier_id) REFERENCES `supplier`(id)
) ENGINE=InnoDB DEFAULT CHARSET=latin1;

DROP TABLE IF EXISTS `supply_process`;
CREATE TABLE IF NOT EXISTS `supply_process`(
    supplier_id INT NOT NULL,
	product_id INT NOT NULL,
	store_id INT NOT NULL,
	date DATETIME NOT NULL,
	quantity DOUBLE,
	created_at DATETIME NOT NULL DEFAULT CURRENT_TIMESTAMP,
    updated_at DATETIME,
	PRIMARY KEY (supplier_id, product_id, store_id, date),
	CONSTRAINT fk_supply_process_supplier_id FOREIGN KEY (supplier_id) REFERENCES `supplier`(id),
	CONSTRAINT fk_supply_process_product_id FOREIGN KEY (product_id) REFERENCES `product`(id),
	CONSTRAINT fk_supply_process_store_id FOREIGN KEY (store_id) REFERENCES `store`(id)
) ENGINE=InnoDB DEFAULT CHARSET=latin1;

DROP TABLE IF EXISTS `store_products`;
CREATE TABLE IF NOT EXISTS `store_products`(
    id INT AUTO_INCREMENT,
	store_id INT NOT NULL ,
    product_id INT NOT NULL ,
    price DECIMAL(10,2) NOT NULL,
    quantity INT DEFAULT 0 NOT NULL,
    created_at DATETIME NOT NULL DEFAULT CURRENT_TIMESTAMP,
    updated_at DATETIME,
    PRIMARY KEY (id),
    CONSTRAINT fk_store_products_store_id FOREIGN KEY (store_id) REFERENCES `store`(id),
    CONSTRAINT fk_store_products_product_id FOREIGN KEY (product_id) REFERENCES `product`(id)
) ENGINE=InnoDB DEFAULT CHARSET=latin1;

DROP TABLE IF EXISTS `customer`;
CREATE TABLE IF NOT EXISTS `customer`(
    id INT AUTO_INCREMENT NOT NULL,
    first_name VARCHAR(20) DEFAULT NULL,
    last_name VARCHAR(25) NOT NULL,
    email VARCHAR(25) NOT NULL,
    phone_number VARCHAR(20) DEFAULT NULL,
    address varchar(255),
	gender ENUM('Male', 'Female', 'Other'),
	date_of_birth date,
	PRIMARY KEY (id)
) ENGINE=InnoDB DEFAULT CHARSET=latin1;

DROP TABLE IF EXISTS `orders`;
CREATE TABLE IF NOT EXISTS `orders` (
  id INT AUTO_INCREMENT NOT NULL,
  customer_id INT NOT NULL,
  store_id INT NOT NULL,
  code VARCHAR(25) UNIQUE,
  time DATETIME NOT NULL DEFAULT CURRENT_TIMESTAMP,
  description VARCHAR(255) NOT NULL,
  payment_method ENUM('Cash','Net Banking','Credit Card','Debit Card') DEFAULT 'Cash' NOT NULL,
  type ENUM('Online', 'Store'),
  amount DECIMAL(10,2) NOT NULL DEFAULT 0,
  status ENUM('Pending', 'InProgress', 'Done') DEFAULT 'Pending',
  employee_id INT NOT NULL,
  created_at DATETIME NOT NULL DEFAULT CURRENT_TIMESTAMP,
  updated_at DATETIME,
  PRIMARY KEY (id),
  CONSTRAINT fk_order_customer_id FOREIGN KEY (customer_id) REFERENCES `customer`(id),
  CONSTRAINT fk_order_store_id FOREIGN KEY (store_id) REFERENCES `store`(id),
  CONSTRAINT FOREIGN KEY fk_order_employee_id(employee_id) REFERENCES `employee`(id)
) ENGINE=InnoDB DEFAULT CHARSET=latin1;

DROP TABLE IF EXISTS `order_products`;
CREATE TABLE IF NOT EXISTS `order_products` (
  order_id INT NOT NULL,
  store_product_id INT NOT NULL,
  quantity INT NOT NULL,
  unit_price DECIMAL(10,2) NOT NULL DEFAULT 0,
  amount DECIMAL(10,2) NOT NULL DEFAULT 0,
  created_at DATETIME NOT NULL DEFAULT CURRENT_TIMESTAMP,
  updated_at DATETIME,
  PRIMARY KEY (order_id, store_product_id),
  CONSTRAINT fk_order_products_order_id FOREIGN KEY (order_id) references `orders`(id),
  CONSTRAINT fk_order_products_store_products_id FOREIGN KEY (store_product_id) references `store_products`(product_id)
) ENGINE=InnoDB DEFAULT CHARSET=latin1;

DROP TABLE IF EXISTS `transaction`;
CREATE TABLE IF NOT EXISTS `transaction` (
	id INT AUTO_INCREMENT NOT NULL,
	customer_id INT NOT NULL,
	store_id INT NOT NULL,
	order_id INT NOT NULL,
	amount DECIMAL(10,2),
	date_of_purchase DATETIME NOT NULL DEFAULT CURRENT_TIMESTAMP,
	payment_method VARCHAR(40),
	employee_id INT NOT NULL,
	PRIMARY KEY(id),
	UNIQUE (customer_id, store_id, order_id),
	CONSTRAINT FOREIGN KEY fk_transaction_customer_id(customer_id) REFERENCES `customer`(id),
	CONSTRAINT FOREIGN KEY fk_transaction_store_id(store_id) REFERENCES `store`(id),
	CONSTRAINT FOREIGN KEY fk_transaction_order_id(order_id) REFERENCES `orders`(id),
	CONSTRAINT FOREIGN KEY fk_transaction_employee_id(employee_id) REFERENCES `employee`(id)
) ENGINE=InnoDB DEFAULT CHARSET=latin1;

DROP TABLE IF EXISTS `product_rate`;
CREATE TABLE IF NOT EXISTS `product_rate`(
    id INT AUTO_INCREMENT,
    product_id INT NOT NULL ,
    customer_id INT NOT NULL ,
    rate DECIMAL(2, 1),
    created_at DATETIME NOT NULL DEFAULT CURRENT_TIMESTAMP,
    updated_at DATETIME,
    PRIMARY KEY (id),
    UNIQUE (customer_id, product_id),
    CONSTRAINT fk_product_rate_product_id FOREIGN KEY (product_id) REFERENCES `product`(id),
    CONSTRAINT fk_product_rate_customer_id FOREIGN KEY (customer_id) REFERENCES `customer`(id),
    CONSTRAINT chk_Ratings CHECK (rate >= 0 AND rate <= 5)
) ENGINE=InnoDB DEFAULT CHARSET=latin1;

DROP TABLE IF EXISTS `logs`;
CREATE TABLE IF NOT EXISTS `logs`(
    id BIGINT unsigned AUTO_INCREMENT,
    l_table VARCHAR(250) ,
    l_action VARCHAR(250) ,
    row_identifier VARCHAR(250) ,
    new_value TEXT,
    logged_time DATETIME DEFAULT CURRENT_TIMESTAMP,
    PRIMARY KEY (id)
) ENGINE=InnoDB DEFAULT CHARSET=latin1;


######## Basic Tables Data Seeders #########

INSERT INTO `country` (`id`, `name`, `code`, `language`) VALUES
(1, 'Andorra', 'AD', 'ca'),
(2, 'United Arab Emirates', 'AE', 'ar'),
(3, 'Afghanistan', 'AF', 'fa'),
(4, 'Antigua and Barbuda', 'AG', 'en'),
(5, 'Anguilla', 'AI', 'en'),
(6, 'Albania', 'AL', 'sq'),
(7, 'Armenia', 'AM', 'hy'),
(8, 'Netherlands Antilles', 'AN', 'nl'),
(9, 'Angola', 'AO', 'pt'),
(10, 'Argentina', 'AR', 'es'),
(11, 'Austria', 'AT', 'de'),
(12, 'Australia', 'AU', 'en'),
(13, 'Aruba', 'AW', 'nl'),
(14, 'Azerbaijan', 'AZ', 'az'),
(15, 'Bosnia and Herzegovina', 'BA', 'bs'),
(16, 'Barbados', 'BB', 'en'),
(17, 'Bangladesh', 'BD', 'bn'),
(18, 'Belgium', 'BE', 'nl'),
(19, 'Burkina Faso', 'BF', 'fr'),
(20, 'Bulgaria', 'BG', 'bg'),
(21, 'Bahrain', 'BH', 'ar'),
(22, 'Burundi', 'BI', 'fr'),
(23, 'Benin', 'BJ', 'fr'),
(24, 'Bermuda', 'BM', 'en'),
(25, 'Brunei Darussalam', 'BN', 'ms'),
(26, 'Bolivia', 'BO', 'es'),
(27, 'Brazil', 'BR', 'pt'),
(28, 'Bahamas', 'BS', 'en'),
(29, 'Bhutan', 'BT', 'dz'),
(30, 'Botswana', 'BW', 'en'),
(31, 'Belarus', 'BY', 'be'),
(32, 'Belize', 'BZ', 'en'),
(33, 'Canada', 'CA', 'en'),
(34, 'Cocos (Keeling) Islands', 'CC', 'en'),
(35, 'Democratic Republic of the Congo', 'CD', 'fr'),
(36, 'Central African Republic', 'CF', 'fr'),
(37, 'Congo', 'CG', 'fr'),
(38, 'Switzerland', 'CH', 'de'),
(39, 'Cote D''Ivoire (Ivory Coast)', 'CI', 'fr'),
(40, 'Cook Islands', 'CK', 'en'),
(41, 'Chile', 'CL', 'es'),
(42, 'Cameroon', 'CM', 'fr'),
(43, 'China', 'CN', 'zh'),
(44, 'Colombia', 'CO', 'es'),
(45, 'Costa Rica', 'CR', 'es'),
(46, 'Cuba', 'CU', 'es'),
(47, 'Cape Verde', 'CV', 'pt'),
(48, 'Christmas Island', 'CX', 'en'),
(49, 'Cyprus', 'CY', 'el'),
(50, 'Czech Republic', 'CZ', 'cs'),
(51, 'Germany', 'DE', 'de'),
(52, 'Djibouti', 'DJ', 'fr'),
(53, 'Denmark', 'DK', 'da'),
(54, 'Dominica', 'DM', 'en'),
(55, 'Dominican Republic', 'DO', 'es'),
(56, 'Algeria', 'DZ', 'ar'),
(57, 'Ecuador', 'EC', 'es'),
(58, 'Estonia', 'EE', 'et'),
(59, 'Egypt', 'EG', 'ar'),
(60, 'Western Sahara', 'EH', 'ar'),
(61, 'Eritrea', 'ER', 'ti'),
(62, 'Spain', 'ES', 'es'),
(63, 'Ethiopia', 'ET', 'am'),
(64, 'Finland', 'FI', 'fi'),
(65, 'Fiji', 'FJ', 'en'),
(66, 'Falkland Islands (Malvinas)', 'FK', 'en'),
(67, 'Federated States of Micronesia', 'FM', 'en'),
(68, 'Faroe Islands', 'FO', 'fo'),
(69, 'France', 'FR', 'fr'),
(70, 'Gabon', 'GA', 'fr'),
(71, 'Great Britain (UK)', 'GB', 'en'),
(72, 'Grenada', 'GD', 'en'),
(73, 'Georgia', 'GE', 'ka'),
(74, 'French Guiana', 'GF', 'fr'),
(75, 'Guernsey', 'GG', 'en'),
(76, 'Ghana', 'GH', 'en'),
(77, 'Gibraltar', 'GI', 'en'),
(78, 'Greenland', 'GL', 'kl'),
(79, 'Gambia', 'GM', 'en'),
(80, 'Guinea', 'GN', 'fr'),
(81, 'Guadeloupe', 'GP', 'fr'),
(82, 'Equatorial Guinea', 'GQ', 'es'),
(83, 'Greece', 'GR', 'el'),
(84, 'S. Georgia and S. Sandwich Islands', 'GS', 'en'),
(85, 'Guatemala', 'GT', 'es'),
(86, 'Guinea-Bissau', 'GW', 'pt'),
(87, 'Guyana', 'GY', 'en'),
(88, 'Hong Kong', 'HK', 'zh'),
(89, 'Honduras', 'HN', 'es'),
(90, 'Croatia (Hrvatska)', 'HR', 'hr'),
(91, 'Haiti', 'HT', 'fr'),
(92, 'Hungary', 'HU', 'hu'),
(93, 'Indonesia', 'ID', 'id'),
(94, 'Ireland', 'IE', 'en'),
(95, 'Israel', 'IL', 'he'),
(96, 'India', 'IN', 'hi'),
(97, 'Iraq', 'IQ', 'ar'),
(98, 'Iran', 'IR', 'fa'),
(99, 'Iceland', 'IS', 'is'),
(100, 'Italy', 'IT', 'it'),
(101, 'Jamaica', 'JM', 'en'),
(102, 'Jordan', 'JO', 'ar'),
(103, 'Japan', 'JP', 'ja'),
(104, 'Kenya', 'KE', 'sw'),
(105, 'Kyrgyzstan', 'KG', 'ky'),
(106, 'Cambodia', 'KH', 'km'),
(107, 'Kiribati', 'KI', 'en'),
(108, 'Comoros', 'KM', 'ar'),
(109, 'Saint Kitts and Nevis', 'KN', 'en'),
(110, 'Korea (North)', 'KP', 'ko'),
(111, 'Korea (South)', 'KR', 'ko'),
(112, 'Kuwait', 'KW', 'ar'),
(113, 'Cayman Islands', 'KY', 'en'),
(114, 'Kazakhstan', 'KZ', 'kk'),
(115, 'Laos', 'LA', 'lo'),
(116, 'Lebanon', 'LB', 'ar'),
(117, 'Saint Lucia', 'LC', 'en'),
(118, 'Liechtenstein', 'LI', 'de'),
(119, 'Sri Lanka', 'LK', 'si'),
(120, 'Liberia', 'LR', 'en'),
(121, 'Lesotho', 'LS', 'en'),
(122, 'Lithuania', 'LT', 'lt'),
(123, 'Luxembourg', 'LU', 'lb'),
(124, 'Latvia', 'LV', 'lv'),
(125, 'Libya', 'LY', 'ar'),
(126, 'Morocco', 'MA', 'fr'),
(127, 'Monaco', 'MC', 'fr'),
(128, 'Moldova', 'MD', 'ro'),
(129, 'Madagascar', 'MG', 'mg'),
(130, 'Marshall Islands', 'MH', 'en'),
(131, 'Macedonia', 'MK', 'mk'),
(132, 'Mali', 'ML', 'fr'),
(133, 'Myanmar', 'MM', 'my'),
(134, 'Mongolia', 'MN', 'mn'),
(135, 'Macao', 'MO', 'zh'),
(136, 'Northern Mariana Islands', 'MP', 'en'),
(137, 'Martinique', 'MQ', 'fr'),
(138, 'Mauritania', 'MR', 'ar'),
(139, 'Montserrat', 'MS', 'en'),
(140, 'Malta', 'MT', 'mt'),
(141, 'Mauritius', 'MU', 'mfe'),
(142, 'Maldives', 'MV', 'dv'),
(143, 'Malawi', 'MW', 'en'),
(144, 'Mexico', 'MX', 'es'),
(145, 'Malaysia', 'MY', 'ms'),
(146, 'Mozambique', 'MZ', 'pt'),
(147, 'Namibia', 'NA', 'en'),
(148, 'New Caledonia', 'NC', 'fr'),
(149, 'Niger', 'NE', 'fr'),
(150, 'Norfolk Island', 'NF', 'en'),
(151, 'Nigeria', 'NG', 'en'),
(152, 'Nicaragua', 'NI', 'es'),
(153, 'Netherlands', 'NL', 'nl'),
(154, 'Norway', 'NO', 'nb'),
(155, 'Nepal', 'NP', 'ne'),
(156, 'Nauru', 'NR', 'na'),
(157, 'Niue', 'NU', 'niu'),
(158, 'New Zealand (Aotearoa)', 'NZ', 'mi'),
(159, 'Oman', 'OM', 'ar'),
(160, 'Panama', 'PA', 'es'),
(161, 'Peru', 'PE', 'es'),
(162, 'French Polynesia', 'PF', 'fr'),
(163, 'Papua New Guinea', 'PG', 'en'),
(164, 'Philippines', 'PH', 'en'),
(165, 'Pakistan', 'PK', 'en'),
(166, 'Poland', 'PL', 'pl'),
(167, 'Saint Pierre and Miquelon', 'PM', 'fr'),
(168, 'Pitcairn', 'PN', 'en'),
(169, 'Palestinian Territory', 'PS', 'ar'),
(170, 'Portugal', 'PT', 'pt'),
(171, 'Palau', 'PW', 'en'),
(172, 'Paraguay', 'PY', 'es'),
(173, 'Qatar', 'QA', 'ar'),
(174, 'Reunion', 'RE', 'fr'),
(175, 'Romania', 'RO', 'ro'),
(176, 'Russian Federation', 'RU', 'ru'),
(177, 'Rwanda', 'RW', 'rw'),
(178, 'Saudi Arabia', 'SA', 'ar'),
(179, 'Solomon Islands', 'SB', 'en'),
(180, 'Seychelles', 'SC', 'fr'),
(181, 'Sudan', 'SD', 'ar'),
(182, 'Sweden', 'SE', 'sv'),
(183, 'Singapore', 'SG', 'zh'),
(184, 'Saint Helena', 'SH', 'en'),
(185, 'Slovenia', 'SI', 'sl'),
(186, 'Svalbard and Jan Mayen', 'SJ', 'no'),
(187, 'Slovakia', 'SK', 'sk'),
(188, 'Sierra Leone', 'SL', 'en'),
(189, 'San Marino', 'SM', 'it'),
(190, 'Senegal', 'SN', 'fr'),
(191, 'Somalia', 'SO', 'so'),
(192, 'Suriname', 'SR', 'nl'),
(193, 'Sao Tome and Principe', 'ST', 'pt'),
(194, 'El Salvador', 'SV', 'es'),
(195, 'Syria', 'SY', 'ar'),
(196, 'Swaziland', 'SZ', 'en'),
(197, 'Turks and Caicos Islands', 'TC', 'en'),
(198, 'Chad', 'TD', 'fr'),
(199, 'French Southern Territories', 'TF', 'fr'),
(200, 'Togo', 'TG', 'fr'),
(201, 'Thailand', 'TH', 'th'),
(202, 'Tajikistan', 'TJ', 'tg'),
(203, 'Tokelau', 'TK', 'tkl'),
(204, 'Turkmenistan', 'TM', 'tk'),
(205, 'Tunisia', 'TN', 'ar'),
(206, 'Tonga', 'TO', 'en'),
(207, 'Turkey', 'TR', 'tr'),
(208, 'Trinidad and Tobago', 'TT', 'en'),
(209, 'Tuvalu', 'TV', 'en'),
(210, 'Taiwan', 'TW', 'zh'),
(211, 'Tanzania', 'TZ', 'sw'),
(212, 'Ukraine', 'UA', 'uk'),
(213, 'Uganda', 'UG', 'en'),
(214, 'Uruguay', 'UY', 'es'),
(215, 'Uzbekistan', 'UZ', 'uz'),
(216, 'Saint Vincent and the Grenadines', 'VC', 'en'),
(217, 'Venezuela', 'VE', 'es'),
(218, 'Virgin Islands (British)', 'VG', 'en'),
(219, 'Virgin Islands (U.S.)', 'VI', 'en'),
(220, 'Viet Nam', 'VN', 'vi'),
(221, 'Vanuatu', 'VU', 'bi'),
(222, 'Wallis and Futuna', 'WF', 'fr'),
(223, 'Samoa', 'WS', 'sm'),
(224, 'Yemen', 'YE', 'ar'),
(225, 'Mayotte', 'YT', 'fr'),
(226, 'South Africa', 'ZA', 'en'),
(227, 'Zambia', 'ZM', 'en'),
(228, 'Zaire (former)', 'ZR', 'fr'),
(229, 'Zimbabwe', 'ZW', 'en'),
(230, 'United States of America', 'US', 'en');

INSERT INTO `location` (`street_address`,`city`,`region`,`postal_code`,`country_id`) VALUES ('49 Gilbert St.','London','','EC1 4SD',71),
('P.O. Box 78934','New Orleans','LA','70117',230),
('707 Oxford Rd.','Ann Arbor','MI','48104',230),
('9-8 Sekimai Musashino-shi','Tokyo','','100',103),
('Calle del Rosal 4','Oviedo','Asturias','33007',62),
('92 Setsuko Chuo-ku','Osaka','','545',103),
('74 Rose St. Moonie Ponds','Melbourne','Victoria','3058',12),
('29 Kings Way','Manchester','','M14 GSD',71),
('Kaloadagatan 13','Göteborg','','S-345 67',182),
('Av. das Americanas 12.890','São Paulo','','5442',27),
('Tiergartenstraße 5','Berlin','','10785',51),
('Bogenallee 51','Frankfurt','','60439',51),
('Frahmredder 112a','Cuxhaven','','27478',51),
('Viale Dante, 75','Ravenna','','48100',100),
('Hatlevegen 5','Sandvika','','1320',154),
('3400 - 8th Avenue Suite 210','Bend','OR','97101',230),
('Brovallavägen 231','Stockholm','','S-123 45',182),
('203, Rue des Francs-Bourgeois','Paris','','75004',69),
('Order Processing Dept. 2100 Paul Revere Blvd.','Boston','MA','02134',230),
('471 Serangoon Loop, Suite #402',183,'','0512',183),
('Lyngbysild Fiskebakken 10','Lyngby','','2800',53),
('Verkoop Rijnweg 22','Zaandam','','9999 ZZ',153),
('Valtakatu 12','Lappeenranta','','53120',64),
('170 Prince Edward Parade Hunters Hill','Sydney','NSW','2042',12),
('2960 Rue St. Laurent','Montréal','Québec','H1J 1C3',33),
('Via dei Gelsomini, 153','Salerno','','84100',100),
('22, rue H. Voiron','Montceau','','71300',69),
('Bat. B 3, rue des Alpes','Annecy','','74000',69),
('Avenida Infante Dom Henrique','Agualva-Cacém','','2735-115',170),
('Avenida dos Descobrimentos','Albufeira','','8200-260',170),
('Avenida da Quinta Grande, (perto Rua Indústria)','Alfragide','','2610-153',170),
('Avenida 5 de Outubro','Almancil','','2050-281',170),
('Rua Manuel António Gomes','Lisboa','','2820-026',170),
('Azinhaga das Fainhas','Alverca do Ribatejo','','2820-026',170),
('EN 3, cruzamento Av., Feira de Maio','Azambuja','','2735-473',170),
('Avenida Prof. Dr. Aníbal Ant. Cavaco Silva','Boliqueime','','8100-069',170),
('Avenida Timor Lorosae','Caldas da Rainha','','2500-272',170),
('Quinta do Alconchel','Carregado','','2580-374',170),
('Avenida de Lisboa','Casal de Cambra','','2605-002',170);

INSERT INTO `supplier` (`id`,`name`,`contact_name`,`contact_title`,`phone`,`location_id`) VALUES
(1,'Exotic Liquids','Charlotte Cooper','Purchasing Manager','(171) 555-2222',1),
(2,'New Orleans Cajun Delights','Shelley Burke','Order Administrator','(100) 555-4822',2),
(3,'Grandma Kellys Homestead','Regina Murphy','Sales Representative','(313) 555-5735',3),
(4,'Tokyo Traders','Yoshi Nagase','Marketing Manager','(03) 3555-5011',4),
(5,'Cooperativa de Quesos Las Cabras','Antonio del Valle Saavedra ','Export Administrator','(98) 598 76 54',5),
(6,'Mayumis','Mayumi Ohno','Marketing Representative','(06) 431-7877',6),
(7,'Pavlova, Ltd.','Ian Devling','Marketing Manager','(03) 444-2343',7),
(8,'Specialty Biscuits, Ltd.','Peter Wilson','Sales Representative','(161) 555-4448',8),
(9,'PB Knäckebröd AB','Lars Peterson','Sales Agent','031-987 65 43',9),
(10,'Refrescos Americanas LTDA','Carlos Diaz','Marketing Manager','(11) 555 4640',10),
(11,'Heli Süßwaren GmbH & Co. KG','Petra Winkler','Sales Manager','(010) 9984510',11),
(12,'Plutzer Lebensmittelgroßmärkte AG','Martin Bein','International Marketing Mgr.','(069) 992755',12),
(13,'Nord-Ost-Fisch Handelsgesellschaft mbH','Sven Petersen','Coordinator Foreign Markets','(04721) 8713',13),
(14,'Formaggi Fortini s.r.l.','Elio Rossi','Sales Representative','(0544) 60323',14),
(15,'Norske Meierier','Beate Vileid','Marketing Manager','(0)2-953010',15),
(16,'Bigfoot Breweries','Cheryl Saylor','Regional Account Rep.','(503) 555-9931',16),
(17,'Svensk Sjöföda AB','Michael Björn','Sales Representative','08-123 45 67',17),
(18,'Aux joyeux ecclésiastiques','Guylène Nodier','Sales Manager','(1) 03.83.00.68',18),
(19,'New England Seafood Cannery','Robb Merchant','Wholesale Account Agent','(617) 555-3267',19),
(20,'Leka Trading','Chandra Leka','Owner','555-8787',20),
(21,'Lyngbysild','Niels Petersen','Sales Manager','43844108',21),
(22,'Zaanse Snoepfabriek','Dirk Luchte','Accounting Manager','(12345) 1212',22),
(23,'Karkki Oy','Anne Heikkonen','Product Manager','(953) 10956',23),
(24,'Gday, Mate','Wendy Mackenzie','Sales Representative','(02) 555-5914',24),
(25,'Ma Maison','Jean-Guy Lauzon','Marketing Manager','(514) 555-9022',25),
(26,'Pasta Buttini s.r.l.','Giovanni Giudici','Order Administrator','(089) 6547665',26),
(27,'Escargots Nouveaux','Marie Delamare','Sales Manager','85.57.00.07',27),
(28,'Gai pâturage','Eliane Noz','Sales Representative','38.76.98.06',28),
(29,'Forêts dérables','Chantal Goulet','Accounting Manager','(514) 555-2955',29),
(30,'Forêts dérables','Chantal Goulet','Sales Representative','(514) 555-2955',29),
(31,'Forêts dérables','Chantal Goulet','Marketing Manager','(514) 555-2955',29),
(32,'Forêts dérables','Chantal Goulet','Sales Manager','(514) 555-2955',29),
(33,'Forêts dérables','Chantal Goulet','Marketing Manager','(514) 555-2955',29);

INSERT INTO `category` (`id`,`name`,`description`) VALUES
(1,'Beverages','Soft drinks, coffees, teas, beers, and ales'),
(2,'Condiments','Sweet and savory sauces, relishes, spreads, and seasonings'),
(3,'Confections','Desserts, candies, and sweet breads'),
(4,'Dairy Products','Cheeses'),
(5,'Grains/Cereals','Breads, crackers, pasta, and cereal'),
(6,'Meat/Poultry','Prepared meats'),
(7,'Produce','Dried fruit and bean curd'),
(8,'Seafood','Seaweed and fish'),
(9, 'Spices', 'Domestic product'),
(10, 'Personal Hygiene', 'Washroom item'),
(11,'Noodle', 'fast food');

INSERT INTO `job` (`id`,`title`,`min_salary`, `max_salary`) VALUES
(1,'Stock Clerk','28000','30000'),
(2,'Assistant Store Manager','32000','36000'),
(3,'Store Manager','39000','44000'),
(4,'Sales Representative','30000','33000'),
(5,'Vice President, Sales','28000','31000'),
(6,'Sales Manager','33000','36000'),
(7,'Inside Sales Coordinator','24000','26000'),
(8,'Cashier','28000','32000'),
(9,'Custodian','20000','23000'),
(10,'Shopping Cart Attendant','24000','26000'),
(11,'Floral Assistant','25000','27000');

INSERT INTO `retail_chain` (`name`,`industry`,`founded_year`,`headquarter`,`revenue`,`url`,`country_id`) VALUES
('Aldi', 'Retail', 1964, 'Germany', '121.1 billion$', 'aldi.com', 170);

INSERT INTO `store` (`store_name`,`retail_chain_id`,`location_id`) VALUES
('ALDI Agualva Cacém', 1, 29),
('ALDI Albufeira', 1, 30),
('ALDI Alcantarilha', 1, 31),
('ALDI Alfragide', 1, 32),
('ALDI Almancil', 1, 33),
('ALDI Alta de Lisboa', 1, 34),
('ALDI Alverca do Ribatejo', 1, 35),
('ALDI Azambuja', 1, 36),
('ALDI Boliqueime', 1, 37),
('ALDI Cacém', 1, 37),
('ALDI Caldas da Rainha', 1, 38),
('ALDI Carregado', 1, 38),
('ALDI Casal de Cambra', 1, 39);

INSERT INTO `employee` (`first_name`,`last_name`,`email`,`phone_number`,`hire_date`,`job_id`,`store_id`) VALUES
('Nancy','Davolio','Davolio@gmail.com','(206) 555-9857','1992-05-01 00:00:00',1,1),
('Andrew','Fuller','Fuller@gmail.com','(206) 555-9482','1992-08-14 00:00:00',2,1),
('Janet','Leverling','Leverling@gmail.com','(206) 555-3412','1992-04-01 00:00:00',3,1),
('Margaret','Peacock','Peacock@gmail.com','(206) 555-8122','1993-05-03 00:00:00',4,1),
('Steven','Buchanan','Buchanan@gmail.com','(71) 555-4848','1993-10-17 00:00:00',5,1),
('Michael','Suyama','Suyama@gmail.com','(71) 555-7773','1993-10-17 00:00:00',6,1),
('Robert','King','King@gmail.com','(71) 555-5598','1994-01-02 00:00:00',7,1),
('Laura','Callahan','Callahan@gmail.com','(206) 555-1189','1994-03-05 00:00:00',8,1),
('Anne','Dodsworth','Dodsworth@gmail.com','(71) 555-4444','1994-11-15 00:00:00',9,1),
('Victoria','Ashworth','Ashworth@gmail.com','(171) 555-1212','1994-11-15 00:00:00',10,1),
('Patricio','Simpson','Simpson@gmail.com','(1) 135-5555','1994-11-15 00:00:00',11,1),
('Francisco','Chang','Chang@gmail.com','(5) 555-3392','1994-11-15 00:00:00',7,1),
('Yang','Wang','Wang@gmail.com','0452-076545','1994-11-15 00:00:00',11,1),
('Pedro','Afonso','Afonso@gmail.com','(11) 555-7647','1994-11-15 00:00:00',8,1),
('Elizabeth','Brown','Brown@gmail.com','(171) 555-2282','1994-11-15 00:00:00',9,1),
('Sven','Ottlieb','Ottlieb@gmail.com','0241-039123','1994-11-15 00:00:00',10,1),
('Janine','Labrune','Labrune@gmail.com','40.67.88.88','1994-11-15 00:00:00',11,1),
('Ann','Devon','Devon@gmail.com','(171) 555-0297','1994-11-15 00:00:00',10,1),
('Roland','Mendel','Mendel@gmail.com','7675-3425','1994-11-15 00:00:00',8,1);

INSERT INTO `customer` (`first_name`,`last_name`,`email`,`phone_number`,`address`,`gender`,`date_of_birth`) VALUES
('Maria','Anders','Anders@gmail.com','030-0074321','Germany, Berlin, Obere Str. 57','Other','1999-06-23'),
('Ana','Trujillo','Trujillo@gmail.com','(5) 555-4729','Mexico, México D.F., Avda. de la Constitución 2222','Female','1998-03-25'),
('Antonio','Moreno','Moreno@gmail.com','(5) 555-3932','Mexico, México D.F., Mataderos  2312','Female','1999-06-08'),
('Thomas','Hardy','Hardy@gmail.com','(171) 555-7788','UK, London, 120 Hanover Sq.','Other','1976-10-17'),
('Christina','Berglund','Berglund@gmail.com','0921-12 34 65','Sweden, Luleå, Berguvsvägen  8','Other','1989-11-12'),
('Hanna','Moos','Moos@gmail.com','0621-08460','Germany, Mannheim, Forsterstr. 57','Female','1987-11-15'),
('Frédérique','Citeaux','Citeaux@gmail.com','88.60.15.31','France, Strasbourg, 24, place Kléber','Female','1974-04-11'),
('Martín','Sommer','Sommer@gmail.com','(91) 555 22 82','Spain, Madrid, C/ Araquil, 67','Female','1989-04-11'),
('Laurence','Lebihan','Lebihan@gmail.com','91.24.45.40','France, Marseille, 12, rue des Bouchers','Male','1999-05-27'),
('Elizabeth','Lincoln','Lincoln@gmail.com','(604) 555-4729','Canada, Tsawassen, 23 Tsawassen Blvd.','Male','1999-12-22'),
('Victoria','Ashworth','Ashworth@gmail.com','(171) 555-1212','UK, London, Fauntleroy Circus','Other','1976-06-18'),
('Patricio','Simpson','Simpson@gmail.com','(1) 135-5555','Argentina, Buenos Aires, Cerrito 333','Male','1978-09-07'),
('Francisco','Chang','Chang@gmail.com','(5) 555-3392','Mexico, México D.F., Sierras de Granada 9993','Male','1977-01-21'),
('Yang','Wang','Wang@gmail.com','0452-076545','Switzerland, Bern, Hauptstr. 29','Male','1982-12-13'),
('Pedro','Afonso','Afonso@gmail.com','(11) 555-7647','Brazil, São Paulo, Av. dos Lusíadas, 23','Other','1995-12-30'),
('Elizabeth','Brown','Brown@gmail.com','(171) 555-2282','UK, London, Berkeley Gardens 12  Brewery ','Other','1992-03-16'),
('Sven','Ottlieb','Ottlieb@gmail.com','0241-039123','Germany, Aachen, Walserweg 21','Male','1973-02-02'),
('Janine','Labrune','Labrune@gmail.com','40.67.88.88','France, Nantes, 67, rue des Cinquante Otages','Male','1984-07-10'),
('Ann','Devon','Devon@gmail.com','(171) 555-0297','UK, London, 35 King George','Other','1976-06-17'),
('Roland','Mendel','Mendel@gmail.com','7675-3425','Austria, Graz, Kirchgasse 6','Female','1975-10-30'),
('Aria','Cruz','Cruz@gmail.com','(11) 555-9857','Brazil, São Paulo, Rua Orós, 92','Other','1979-07-29'),
('Diego','Roel','Roel@gmail.com','(91) 555 94 44','Spain, Madrid, C/ Moralzarzal, 86','Male','1999-09-10'),
('Martine','Rancé','Rancé@gmail.com','20.16.10.16','France, Lille, 184, chaussée de Tournai','Other','1979-04-20'),
('Maria','Larsson','Larsson@gmail.com','0695-34 67 21','Sweden, Bräcke, Åkergatan 24','Other','1978-05-22'),
('Peter','Franken','Franken@gmail.com','089-0877310','Germany, München, Berliner Platz 43','Female','1974-04-26'),
('Carine','Schmitt','Schmitt@gmail.com','40.32.21.21','France, Nantes, 54, rue Royale','Male','1990-04-11'),
('Paolo','Accorti','Accorti@gmail.com','011-4988260','Italy, Torino, Via Monte Bianco 34','Male','1989-08-14'),
('Lino','Rodriguez ','Rodriguez @gmail.com','(1) 354-2534','Portugal, Lisboa, Jardim das rosas n. 32','Female','1975-05-19'),
('Eduardo','Saavedra','Saavedra@gmail.com','(93) 203 4560','Spain, Barcelona, Rambla de Cataluña, 23','Female','1994-07-19'),
('José','Pedro Freyre','Pedro Freyre@gmail.com','(95) 555 82 82','Spain, Sevilla, C/ Romero, 33','Male','1976-01-17'),
('André','Fonseca','Fonseca@gmail.com','(11) 555-9482','Brazil, Campinas, Av. Brasil, 442','Female','1991-03-07'),
('Howard','Snyder','Snyder@gmail.com','(503) 555-7555','USA, Eugene, 2732 Baker Blvd.','Female','1991-04-06'),
('Manuel','Pereira','Pereira@gmail.com','(2) 283-2951','Venezuela, Caracas, 5ª Ave. Los Palos Grandes','Male','1998-06-27'),
('Mario','Pontes','Pontes@gmail.com','(21) 555-0091','Brazil, Rio de Janeiro, Rua do Paço, 67','Other','1993-01-30'),
('Carlos','Hernández','Hernández@gmail.com','(5) 555-1340','Venezuela, San Cristóbal, Carrera 22 con Ave. Carlos Soublette #8-35','Male','1995-09-15'),
('Yoshi','Latimer','Latimer@gmail.com','(503) 555-6874','USA, Elgin, City Center Plaza 516 Main St.','Male','1980-08-20'),
('Patricia','McKenna','McKenna@gmail.com','2967 542','Ireland, Cork, 8 Johnstown Road','Other','1982-11-07'),
('Helen','Bennett','Bennett@gmail.com','(198) 555-8888','UK, Cowes, Garden House Crowther Way','Other','1990-05-03'),
('Philip','Cramer','Cramer@gmail.com','0555-09876','Germany, Brandenburg, Maubelstr. 90','Male','1999-01-26'),
('Daniel','Tonini','Tonini@gmail.com','30.59.84.10','France, Versailles, 67, avenue de lEurope','Female','1984-02-29'),
('Annette','Roulet','Roulet@gmail.com','61.77.61.10','France, Toulouse, 1 rue Alsace-Lorraine','Male','1991-03-25'),
('Yoshi','Tannamuri','Tannamuri@gmail.com','(604) 555-3392','Canada, Vancouver, 1900 Oak St.','Other','1975-11-03'),
('John','Steel','Steel@gmail.com','(509) 555-7969','USA, Walla Walla, 12 Orchestra Terrace','Female','1988-10-10'),
('Renate','Messner','Messner@gmail.com','069-0245984','Germany, Frankfurt a.M. , Magazinweg 7','Other','1975-10-13'),
('Jaime','Yorres','Yorres@gmail.com','(415) 555-5938','USA, San Francisco, 87 Polk St. Suite 5','Other','1981-05-25'),
('Carlos','González','González@gmail.com','(9) 331-6954','Venezuela, Barquisimeto, Carrera 52 con Ave. Bolívar #65-98 Llano Largo','Other','1977-12-25'),
('Felipe','Izquierdo','Izquierdo@gmail.com','(8) 34-56-12','Venezuela, I. de Margarita, Ave. 5 de Mayo Porlamar','Female','1976-02-07'),
('Fran','Wilson','Wilson@gmail.com','(503) 555-9573','USA, Portland, 89 Chiaroscuro Rd.','Male','1999-07-01'),
('Giovanni','Rovelli','Rovelli@gmail.com','035-640230','Italy, Bergamo, Via Ludovico il Moro 22','Male','1978-06-26'),
('Catherine','Dewey','Dewey@gmail.com','(02) 201 24 67','Belgium, Bruxelles, Rue Joseph-Bens 532','Male','1992-12-31'),
('Jean','Fresnière','Fresnière@gmail.com','(514) 555-8054','Canada, Montréal, 43 rue St. Laurent','Male','1975-06-20'),
('Alexander','Feuer','Feuer@gmail.com','0342-023176','Germany, Leipzig, Heerstr. 22','Female','1994-03-03'),
('Simon','Crowther','Crowther@gmail.com','(171) 555-7733','UK, London, South House 300 Queensbridge','Other','1996-06-19'),
('Yvonne','Moncada','Moncada@gmail.com','(1) 135-5333','Argentina, Buenos Aires, Ing. Gustavo Moncada 8585 Piso 20-A','Other','1985-05-04'),
('Rene','Phillips','Phillips@gmail.com','(907) 555-7584','USA, Anchorage, 2743 Bering St.','Male','1980-04-05'),
('Henriette','Pfalzheim','Pfalzheim@gmail.com','0221-0644327','Germany, Köln, Mehrheimerstr. 369','Other','1983-12-01'),
('Marie','Bertrand','Bertrand@gmail.com','(1) 42.34.22.66','France, Paris, 265, boulevard Charonne','Female','1985-07-19'),
('Guillermo','Fernández','Fernández@gmail.com','(5) 552-3745','Mexico, México D.F., Calle Dr. Jorge Cash 321','Female','1983-08-19'),
('Georg','Pipps','Pipps@gmail.com','6562-9722','Austria, Salzburg, Geislweg 14','Male','1989-04-29'),
('Isabel','de Castro','de Castro@gmail.com','(1) 356-5634','Portugal, Lisboa, Estrada da saúde n. 58','Other','1972-11-18'),
('Bernardo','Batista','Batista@gmail.com','(21) 555-4252','Brazil, Rio de Janeiro, Rua da Panificadora, 12','Male','1978-01-27'),
('Lúcia','Carvalho','Carvalho@gmail.com','(11) 555-1189','Brazil, São Paulo, Alameda dos Canàrios, 891','Other','1997-09-14'),
('Horst','Kloss','Kloss@gmail.com','0372-035188','Germany, Cunewalde, Taucherstraße 10','Other','1983-06-04'),
('Sergio','Gutiérrez','Gutiérrez@gmail.com','(1) 123-5555','Argentina, Buenos Aires, Av. del Libertador 900','Female','1989-06-17'),
('Paula','Wilson','Wilson@gmail.com','(505) 555-5939','USA, Albuquerque, 2817 Milton Dr.','Other','1977-04-18'),
('Maurizio','Moroni','Moroni@gmail.com','0522-556721','Italy, Reggio Emilia, Strada Provinciale 124','Male','1975-08-11'),
('Janete','Limeira','Limeira@gmail.com','(21) 555-3412','Brazil, Rio de Janeiro, Av. Copacabana, 267','Male','1996-04-16'),
('Michael','Holz','Holz@gmail.com','0897-034214','Switzerland, Genève, Grenzacherweg 237','Male','1978-10-07'),
('Alejandra','Camino','Camino@gmail.com','(91) 745 6200','Spain, Madrid, Gran Vía, 1','Male','1998-11-04'),
('Jonas','Bergulfsen','Bergulfsen@gmail.com','07-98 92 35','Norway, Stavern, Erling Skakkes gate 78','Male','1998-11-06'),
('Jose','Pavarotti','Pavarotti@gmail.com','(208) 555-8097','USA, Boise, 187 Suffolk Ln.','Male','1988-06-24'),
('Hari','Kumar','Kumar@gmail.com','(171) 555-1717','UK, London, 90 Wadhurst Rd.','Other','1990-02-07'),
('Jytte','Petersen','Petersen@gmail.com','31 12 34 56','Denmark, København, Vinbæltet 34','Female','1972-05-14'),
('Dominique','Perrier','Perrier@gmail.com','(1) 47.55.60.10','France, Paris, 25, rue Lauriston','Male','1989-09-17'),
('Art','Braunschweiger','Braunschweiger@gmail.com','(307) 555-4680','USA, Lander, P.O. Box 555','Female','1996-06-12'),
('Pascale','Cartrain','Cartrain@gmail.com','(071) 23 67 22 20','Belgium, Charleroi, Boulevard Tirou, 255','Other','1996-09-01'),
('Liz','Nixon','Nixon@gmail.com','(503) 555-3612','USA, Portland, 89 Jefferson Way Suite 2','Female','1997-01-22'),
('Liu','Wong','Wong@gmail.com','(406) 555-5834','USA, Butte, 55 Grizzly Peak Rd.','Male','1974-02-10'),
('Karin','Josephs','Josephs@gmail.com','0251-031259','Germany, Münster, Luisenstr. 48','Female','1988-08-04'),
('Miguel','Angel Paolino','Angel Paolino@gmail.com','(5) 555-2933','Mexico, México D.F., Avda. Azteca 123','Other','1987-11-07'),
('Anabela','Domingues','Domingues@gmail.com','(11) 555-2167','Brazil, São Paulo, Av. Inês de Castro, 414','Other','1985-04-19'),
('Helvetius','Nagy','Nagy@gmail.com','(206) 555-8257','USA, Kirkland, 722 DaVinci Blvd.','Other','1971-11-30'),
('Palle','Ibsen','Ibsen@gmail.com','86 21 32 43','Denmark, Århus, Smagsløget 45','Other','1995-11-30'),
('Mary','Saveley','Saveley@gmail.com','78.32.54.86','France, Lyon, 2, rue du Commerce','Male','1976-06-13'),
('Paul','Henriot','Henriot@gmail.com','26.47.15.10','France, Reims, 59 rue de lAbbaye','Female','1986-08-17'),
('Rita','Müller','Müller@gmail.com','0711-020361','Germany, Stuttgart, Adenauerallee 900','Male','1986-03-16'),
('Pirkko','Koskitalo','Koskitalo@gmail.com','981-443655','Finland, Oulu, Torikatu 38','Other','1971-09-26'),
('Paula','Parente','Parente@gmail.com','(14) 555-8122','Brazil, Resende, Rua do Mercado, 12','Male','1984-05-21'),
('Karl','Jablonski','Jablonski@gmail.com','(206) 555-4112','USA, Seattle, 305 - 14th Ave. S. Suite 3B','Other','1986-01-30'),
('Matti','Karttunen','Karttunen@gmail.com','90-224 8858','Finland, Helsinki, Keskuskatu 45','Other','1989-07-31'),
('Zbyszek','Piestrzeniewicz','Piestrzeniewicz@gmail.com','(26) 642-7012','Poland, Warszawa, ul. Filtrowa 68','Other','1984-01-14');

INSERT INTO `product` (`id`,`name`,`description`,`picture`,`weight`,`category_id`,`price`,`supplier_id`) VALUES
(1,'Dettol Original Soap','The original Dettol Soap','Dettol_original.jpg',75,2,26.00,8),
(2,'Skincare ','The same effectiveness of the Original Dettol Soap in a different package','Dettol_skincare.jpg',75,2,25.00,8),
(3,'Beauty Bar','Feel the feather touch when you bath with dove beauty soap','Dove_Beauty_Bar_Soap.jpg',100,2,60.00,12),
(4,'Daily Shine ','Your hair : smoother.','Dove_Daily_Shine_Shampoo.jpg',100,2,110.00,12),
(5,'Dant Kanti','Herbal Toothpaste','Dant_Kanti_Advance_Dental_toothpaste.jpg',75,7,60.00,1),
(6,'Alovera shampoo','Aloevera shampoo','Patanjali_Aloe_Vera_Hair_shampoo.jpg',110,2,95.00,1),
(7,'Alovera kranti soap','Alovera kranti daily wathing soap ','Patanjali_Aloe_Vera_Kranti_Soap.jpg',60,2,30.00,1),
(8,'Amla chamanprash','Amla candy taste chamanprash','Patanjali_Amla_Candy_Chamanprash.jpg',250,3,550.00,1),
(9,'chatpata chamanprash','Amla candy chatpata spicy taste chamanprash','Patanjali_Amla_Chatpata_Candy_Chamanprash.jpg',250,3,599.00,1),
(10,'badam chamanprash','patanjali ayurvedic badam chamaprsh','Patanjali_Badam_Pak_Chamanprash.jpeg',500,3,575.00,1),
(11,'gulkand chamanprash','patanjali ayurvedic gulkand flavour chamanprash','patanjali_gulkand_chamanprash.jpg',500,3,585.00,1),
(12,'hing chamanprash','patanjali pure ayurvedic hing chamanprash','patanjali_hing_chamanprash.jpg',500,3,581.00,1),
(13,'pachak hingpeda chamanprash','patanjali pure ayurvedic pachak chamanprash with hing ingredients','patanjali_pachak_hingpeda_chamanprash.jpg',500,3,589.00,1),
(14,'50-50 maska chaska','britannia 50 50 maska chaska biscuit','britannia_50_50_maska_chaska_biscuit.jpg',50,1,10.00,25),
(15,'britannia bourbon','britannia bourbon chocalte flavour cream biscuit with extra sugar ','britannia_bourbon_chocolate_flavor_cream_biscuit.jpg',100,1,10.00,25),
(16,'Good day chocolate','britannia good day cookies chocolate flavour','britannia_good_day_cookies_choco_nut_biscuit.jpg',100,1,30.00,25),
(17,'Good day elaichi','britannia good day nuts elaichi biscuit','britannia_good_day_nuts_elaichi_biscuit.jpg',100,1,10.00,25),
(18,'Little heart','britannia heart shape namkeen and sweet little biscuits','britannia_little_hearts_biscuit.jpg',50,1,10.00,25),
(19,'Marrie gold','britannia marrie gold simple tea suppliment biscuit','britannia_marie_gold_biscuit.jpg',100,1,10.00,25),
(20,'Milk bikis','britannia original milk bikis biscuit','britannia_milk_bikis_biscuit.jpg',100,1,10.00,25),
(21,'Cream Milk bikis','britannia milk bikis with extra milk flavour cream','britannia_milk_bikis_cream_biscuit.jpg',150,1,25.00,25),
(22,'coconut biscuit','britannia coconut with sugar added showred biscuit','britannia_nice_time_sugar_showered_coconut_biscuit.jpg',100,1,10.00,25),
(23,'Nutri fibre','britannia nuticious high fibre digestive biscuit','britannia_nutri_choice_hi_fibre_digestive_biscuit.jpg',250,1,50.00,25),
(24,'jim-jam','britannia treat jim jam biscuit','britannia_treat_jim_jam_biscuit.jpg',150,1,20.00,25),
(25,'cadbury oreo','cadbury oreo chocolate biscuit with milk flavor cream','cadbury_oreo_choco_creme_biscuit.jpg',100,1,15.00,17),
(26,'Hide and Seek','parle hide and seek chocolate biscuit with extra granules of chocolates ','parle_and_hide_seek_chocolate_biscuit.jpg',150,1,25.00,26),
(27,'krack-jack','parle crack jack sweet bhi and salti bhi','parle_krack_jack_biscuit.jpg',100,1,10.00,26),
(28,'Sandalwood agarbatti','devdarshan aura snadalwood fragrance agarbatti','devdarshan_aura_sandalwood_agarbatti.jpg',50,9,14.00,27),
(29,'Deep-sandal agarbatti','','devdarshan_deep_sandal_puja_agarbatti.jpg',40,9,85.00,27),
(30,'Dhoop agarbatti','devdarshan lavender fragrance dhoop agarbatti','devdarshan_lavender_dhoop_agarbatti.jpg',60,9,55.00,27),
(31,'Bouquet agarbatti','mandaldeep classic bouquet agarbatti moderate fragrance','mangaldeep_bouquet_agarbatti.jpg',40,9,49.00,28),
(32,'Temple agarbatti','maggaldeep gold agarbatti especially for temple purpose','mangaldeep_temple_gold_agarbatti.jpg',60,9,80.00,28),
(33,'Darvesh agarbatti','moksha classic darvesh agarbatti','moksha_darvesh_agarbatti.jpg',70,9,110.00,29),
(34,'Royal agarbatti',NULL,'moksha_exotic_royal_agarbatti.jpg',30,9,240.00,29),
(35,'Swarn kalash agarbatti','moksha swarn kalash moderate fragrance agarbatti','moksha_swarn_kalash_agarbatti.jpg',80,9,50.00,29),
(36,'Swarn-mogra agarbatti','moksha mogra fragrance exotic agarbatti','moksha_swarna_mogara_agarbatti.jpg',90,9,45.00,29),
(37,'swarn night-queen agarbatti','moksha light fragrance night use agarbatti ','moksha_swarna_night_queen_agarbatti.jpg',100,9,65.00,29),
(40,'swarn-chandan agarbatti','moksha swarna chnandan moderate fragrance daily use agarbatti','moksha_swarna_chandan_agarbatti.jpg',80,9,80.00,29),
(41,'Swarna-purple agarbatti','moksha premium category occassional use purple agarbatti','moksha_swarna_purple_jewel_dhoop_agarbatti.jpg',90,9,280.00,29),
(46,'singapore_noodle','chings noodles of singapore style','chings_singapore_noodle.jpg',70,10,10.00,22),
(47,'mast masala noodle','Knorr indian style mast masala noodle','knorr_mast_masala_noodle.jpg',70,10,12.00,23),
(48,'Maggi Amritsari achari noodle','Maagi with Amritsari style noodel','maggi_amritsari_achari_noodle.jpg',70,10,12.00,31),
(49,'Maggi Bengali masala noodle','Maggi in favourte west bengal style','maggi_bengali_masala_noodle.jpg',70,10,12.00,31),
(50,'Maggi Hot head peri-peri noodle','Maggi in your favorite peri peri style','maggi_hot_heads_peri_peri_noodles.jpg',70,10,22.00,31),
(51,'maggi masala noodle','maggi orininal masala noodle','maggi_masala_noodle.jpg',150,10,25.00,31),
(52,'Maggi Mumbaiya noodle','maggi famous mumbai style noodle','maggi_mumbaiya_noodle.jpg',70,10,12.00,31),
(53,'yippee magic masala','Yipee magic masala noodle pack of 2','sunfeast_magic_masala_noodle.jpg',180,10,25.00,24),
(54,'Yippee noodle','Yipee normal classic noodle','Sunfeast_Yipee_normal_noodle.jpg',75,10,10.00,24),
(55,'Yippee classic masala','Yipee Claasic spicy noodle pack of 2','sunfeast_yippee_classic_masala_noodle.jpg',180,10,25.00,24),
(56,'Classic rock salt','Crystamin classic pure rock salt powder','crystamin_classic_rock_salt.jpg',200,8,30.00,32),
(57,'Natural Himalayan pink rock salt','Pure himalyan pink rock salt powder','crystamin_natural_himalyan_pink_rock_salt.jpg',150,8,50.00,32),
(58,'Tata lite','Tata lite salt','tata_lite_salt.jpg',500,8,18.00,33),
(59,'Tata salt','Tata original salt','tata_salt.jpg',500,8,16.00,33),
(60,'Sohan papdi','aakash classic sohan papdi','aakash_sohan_papdi.jpg',250,6,140.00,16),
(61,'miniature milk silk','Cadbury miniatures dairy milk silk chocolate','cadbury_miniatures_dairy_milk_silk_chocolate.jpg',400,6,840.00,17),
(62,'rocher 6 pack','Ferrero rocher 6 pack chocolate','ferrero_rocher_6pack_chocolate.jpg',240,6,480.00,18),
(63,'Rocher 25 pack','Ferrerp rocher premium chocolate family pack','ferrero_rocher_premium_chocolate.jpg',500,6,1250.00,18),
(64,'Rasmalai','Gits homemade rasmali powder','gits_rasmalai.jpg',500,6,240.00,19),
(65,'Petha','Haldiram petha of Agra','haldiram_agra_wale_petha.jpg',250,6,85.00,7),
(66,'Gold sohanpapdi','Haldiram Gold premium sohanpapdi','haldiram_gold_sohanpapdi.jpg',250,6,330.00,7),
(67,'Gulabjamun','Haldiram gulab jamun','haldiram_gulab_jamun.jpg',500,6,250.00,7),
(68,'Sweets pack','Haldiram festival special settes pack','haldiram_pack_fest_special_sweet.jpg',1250,6,1450.00,7),
(69,'Rasgulla','Haldiram rasgulla','haldiram_rasgulla.jpg',500,6,250.00,7),
(70,'Sohan papdi','Haldiram classic sohan padi','haldiram_soan_papdi.jpg',250,6,90.00,7),
(71,'Gulabjamun powder','MTR premium gulab jamun powder','mtr_gulab_jamun.jpg',500,6,80.00,21),
(72,'Rasgulla','Roopji rasgulla','roopji_rasgulla.jpg',500,6,190.00,20),
(73,'Dabur red','Dabur red ayurvedic toothpaste','dabur_red_ayurvedic_toothpaste.jpg',100,7,60.00,6),
(74,'Close-up everfresh','Close-up everfresh red hot gel toothpaste','close_up_ever_fresh_red_hot_gel_toothpaste.jpg',110,7,40.00,15),
(75,'Colgate Active salt','Colgate active salt mineral toothpaste','colgate_active_salt_minerals_toothpaste.jpg',100,7,42.00,24),
(76,'Colgate barbie','Colgate barbie strawberry kids toothpaste','colgate_barbie_strawberry_kids_toothpaste.jpg',100,7,76.00,14),
(77,'Colgate maxfresh gel','Colgate maxfresh spicy red gel toothpaste','colgate_maxfresh_spicy_red_gel_toothpaste.jpg',200,7,96.00,4),
(78,'Naturak herbal','Colgate natural herbal toothpaste','colgate_natural_herbal_toothpaste.jpg',100,7,64.00,14),
(79,'Total charcoal','Colgate total charcoal toothpaste','colgate_total_charcoal_toothpaste.jpg',100,7,125.00,14),
(80,'Dabur meswak','Dabur meswak toothpaste','dabur_meswak_toothpaste.jpg',100,7,65.00,16),
(81,'Dant kanti Regular','Patanjali dant kanti regular toothpaste','patanjali_dant_kanti_regular_toothpaste.jpg',100,7,85.00,1),
(82,'Pepsodent salt','Pepsodent clove and salt toothpaste','pepsodent_clove_and_salt_toothpaste.jpg',100,7,44.00,27),
(83,'Pepsodent germicheck','Pepsodent germicheck toothpaste','pepsodent_germicheck_toothpaste.jpg',100,7,65.00,17),
(84,'Himalaya Active care','Himalaya active fresh gel toothpaste','himalaya_active_fresh_gel_toothpaste.jpg',100,7,80.00,4),
(85,'Complete care','Himalaya complete care toothpaste','himalaya_complete_care_toothpaste.jpg',100,7,65.00,4),
(86,'Ambay santique','Ambay santique shampoo','ambay_satinique_shampoo.jpg',80,2,112.00,6),
(87,'Ayur natural','Ayur natural shampoo','ayur_natural_shampoo.jpg',150,2,185.00,2),
(88,'Dove intense repair','Dove intense repair conditioner','dove_intense_repair_Conditioner.jpg',100,2,114.00,12),
(89,'Head and shoulder','Head and shoulder lemon shampoo','head_and_shoulder_shampoo.jpg',120,2,135.00,3),
(90,'Neem soap','Himalaya neem soap','himalaya_neem_soap.jpg',50,2,23.00,4),
(91,'Chandan soap','Khadi chandan soap','khadi_chandan_soap.jpg',40,2,20.00,13),
(92,'Neem soap','Khadi neem soap','khadi_neem_soap.jpg',40,2,20.00,13),
(93,'Lifebuoy lemonfresh','Lifebuoy lemonfresh soap','lifebuoy_lemonfresh_soap.jpg',60,2,24.00,14),
(94,'Fresh splesh','Lux fresh splash soap','lux_fresh_splash_soap.jpg',60,2,18.00,10),
(95,'Soft touch','Lux soft touch soap','lux_soft_touch_soap.jpg',60,2,18.00,10),
(96,'Beer shampoo','Park avenue beer shampoo pack of two','park_avenue_beer_shampoo.jpg',120,2,540.00,5),
(97,'Savlon','Savlon medicare soap','savlon_soap.jpg',50,2,22.00,9),
(98,'Pantene shiny','Pantene shiny shampoo','pantene_shiny_shampoo.jpg',120,2,108.00,15),
(99,'masala chai','Everest masala tea','everest_masala_tea.jpg',50,4,20.00,28),
(100,'Darjeeling tea','Lipton darjeeling tea','lipton_darjeeling_tea.jpg',100,4,35.00,29),
(101,'Green tea','Lipton green tea','lipton_green_tea.jpg',100,4,58.00,29),
(102,'Agni','Tata tea agni','tata_tea_agni.jpg',50,4,18.00,33),
(103,'Agni leaf','Tata tea agni leaf','tata_tea_agni_leaf.jpg',100,4,28.00,33),
(104,'Chakra Gold','Tata tea chakra gold dust tea','tata_tea_chakra_gold_dust_tea.jpg',250,4,180.00,33),
(105,'Elaichi tea','Tata tea elaichi chai','tata_tea_elaichi_chai.jpg',150,4,60.00,33),
(106,'Gold leaf','Tata tea gold leaf','tata_tea_gold_leaf.jpg',50,4,28.00,33),
(107,'Premium leaf','Tata tea premium leaf','tata_tea_premium_leaf.jpg',200,4,290.00,33),
(108,'Darjeeling leaf','Tata tea premium darjeeling leaf','tata_tea_premium_darjeeling_leaf.jpg',100,4,35.00,33),
(139,'Garam masala','MDH garam masala','mdh_masala_garam.jpg',50,5,50.00,30),
(140,'coriander','MTR corinder powder','mtr_powder_coriander.jpg',100,5,80.00,21),
(141,'Turmeric','MTR turmeric powder','mtr_powder_turmeric.jpg',100,5,40.00,21),
(142,'Ajwain','MTR royal ajwain whole','mtr_royal_ajwain_whole.jpg',100,5,60.00,21),
(143,'Green elaichi','MTR royal cardamomelaichi_green','mtr_royal_cardamomelaichi_green.jpg',100,5,85.00,21),
(144,'Dalchini','MTR royal cinnamon dalchini','mtr_royal_cinnamon_dalchini.jpg',80,5,45.00,21),
(145,'Laung','MTR royal cloves launga','mtr_royal_cloves_launga.jpg',50,5,16.00,21),
(146,'Methi','MTR royal fenugreek methi','mtr_royal_fenugreek_methi.jpg',100,4,40.00,21),
(147,'Sounf','MTR royal green sonf','mtr_royal_sounf_green.jpg',50,5,12.00,21),
(148,'Rai','MTR royal mustard small rai','mtrroyal_mustard_rai_small.jpg',100,5,30.00,21),
(149,'Bajaj Almond drop','Bajaj almond drops hair oil','bajaj_almond_drops_hair_oil.jpg',100,8,85.00,31),
(150,'Brahmi Amla','Bajaj brahmi amla ayurvedic hair oil','bajaj_brahmi_amla_ayurvedic_hair_oil.jpg',80,8,40.00,11),
(151,'Anti dandruff oil','Himalaya Anti-dandruff hair oil','himalaya_anti_dandruff_hair_oil.jpg',100,8,90.00,4);


######## Operational Tables Data Seeders #########

SET FOREIGN_KEY_CHECKS = 0;

# Insert new supply process.
# A store product (store_products table) will be inserted/Updated
TRUNCATE `supply_process`;
TRUNCATE `store_products`;
INSERT INTO `supply_process` (supplier_id, product_id, store_id,date,quantity) VALUES
(1,1,1,'2021-09-19 20:34:22',303),
(1,2,11,'2022-04-14 12:30:08',532),
(1,3,8,'2020-12-13 01:47:48',494),
(1,4,5,'2022-03-25 07:33:37',371),
(1,5,2,'2021-07-13 04:47:12',496),
(1,6,12,'2020-07-05 15:32:48',306),
(1,7,9,'2020-06-02 12:22:36',517),
(1,18,3,'2022-01-10 21:46:01',340),
(1,19,13,'2022-10-13 10:46:29',359),
(1,20,10,'2021-12-10 02:59:44',483),
(1,21,7,'2021-01-29 01:32:16',331),
(1,22,4,'2022-05-17 15:46:46',553),
(1,23,1,'2022-07-02 21:43:21',428),
(1,34,8,'2020-10-17 11:16:10',325),
(1,35,5,'2021-09-23 23:53:33',478),
(1,36,2,'2022-10-08 07:30:28',457),
(1,37,12,'2022-04-29 16:00:58',501),
(1,40,9,'2022-04-20 17:31:11',373),
(1,41,6,'2022-10-17 22:03:14',423),
(1,46,3,'2020-06-22 04:37:51',478),
(1,57,10,'2021-12-28 22:09:16',313),
(1,58,7,'2021-02-20 01:47:34',352),
(1,59,4,'2021-10-29 12:18:16',342),
(1,60,1,'2019-12-11 10:47:43',573),
(1,61,11,'2020-08-16 20:01:42',396),
(1,62,8,'2022-06-22 08:21:19',300),
(1,73,2,'2020-01-23 07:37:56',316),
(1,74,12,'2020-09-15 15:34:53',599),
(1,75,9,'2020-12-11 19:06:55',346),
(1,76,6,'2022-12-02 02:13:11',406),
(1,77,3,'2022-09-24 01:57:29',357),
(1,78,13,'2021-04-01 20:15:05',490),
(1,79,10,'2021-04-24 03:26:33',310),
(1,90,4,'2019-12-15 01:35:54',463),
(1,91,1,'2022-08-01 14:38:56',473),
(1,92,11,'2020-11-02 19:28:18',302),
(1,93,8,'2022-11-24 19:18:39',341),
(1,94,5,'2021-04-08 06:44:01',320),
(1,95,2,'2021-07-23 20:15:19',515),
(1,106,9,'2020-05-21 11:12:25',339),
(1,107,6,'2020-01-22 07:46:45',354),
(1,108,3,'2022-02-25 01:00:49',581),
(1,139,13,'2020-03-01 11:19:45',420),
(1,140,10,'2021-06-06 06:17:29',430),
(1,141,7,'2021-06-17 18:29:39',333),
(1,142,4,'2022-02-16 13:55:16',502),
(2,2,2,'2022-09-03 01:03:33',319),
(2,3,12,'2021-02-21 13:48:53',525),
(2,4,9,'2020-12-26 23:04:15',362),
(2,5,6,'2021-04-22 03:39:21',351),
(2,6,3,'2021-08-16 23:27:53',554),
(2,7,13,'2022-03-01 04:57:24',408),
(2,8,10,'2020-01-02 16:47:34',450),
(2,19,4,'2021-02-02 10:08:47',522),
(2,20,1,'2022-06-08 04:31:42',304),
(2,21,11,'2021-03-02 10:24:34',308),
(2,22,8,'2022-09-15 19:50:17',525),
(2,23,5,'2020-08-03 10:11:18',422),
(2,24,2,'2021-02-25 06:05:15',363),
(2,35,9,'2021-07-12 14:48:17',312),
(2,36,6,'2022-07-17 06:33:50',341),
(2,37,3,'2022-09-25 09:45:30',541),
(2,40,13,'2020-06-20 01:50:41',447),
(2,41,10,'2022-11-05 09:56:52',380),
(2,46,7,'2020-08-17 12:26:04',458),
(2,47,4,'2021-03-21 01:04:03',483),
(2,58,11,'2021-03-20 07:09:24',509),
(2,59,8,'2021-12-10 02:46:12',410),
(2,60,5,'2020-04-08 14:20:39',414),
(2,61,2,'2020-01-15 21:24:14',501),
(2,62,12,'2021-07-27 06:21:45',558),
(2,63,9,'2021-01-02 21:12:04',497),
(2,74,3,'2020-11-27 10:46:56',477),
(2,75,13,'2020-05-02 20:46:33',315),
(2,76,10,'2020-03-19 12:01:27',428),
(2,77,7,'2021-10-01 16:06:34',344),
(2,78,4,'2021-03-25 14:53:05',448),
(2,79,1,'2020-08-02 12:55:13',343),
(2,80,11,'2021-02-23 08:17:34',321),
(2,91,5,'2021-01-24 02:56:26',337),
(2,92,2,'2022-05-11 03:17:47',412),
(2,93,12,'2022-10-03 14:40:34',381),
(2,94,9,'2021-10-27 16:54:12',361),
(2,95,6,'2022-10-28 20:39:26',547),
(2,96,3,'2020-12-21 14:58:11',579),
(2,107,10,'2021-07-30 06:09:05',309),
(2,108,7,'2022-07-24 19:13:02',581),
(2,139,4,'2020-07-08 07:43:37',440),
(2,140,1,'2020-10-25 16:14:36',345),
(2,141,11,'2020-12-10 00:24:21',390),
(2,142,8,'2020-07-12 17:28:41',399),
(2,143,5,'2022-02-16 18:24:41',415),
(3,3,3,'2022-02-12 15:01:15',540),
(3,4,13,'2022-07-17 20:16:40',573),
(3,5,10,'2022-03-19 20:55:42',559),
(3,6,7,'2022-08-04 13:08:22',527),
(3,7,4,'2020-01-15 20:39:48',570),
(3,8,1,'2020-09-27 22:45:25',393),
(3,9,11,'2022-12-07 02:10:18',491),
(3,20,5,'2022-08-24 14:21:17',362),
(3,21,2,'2021-07-21 22:50:07',406),
(3,22,12,'2020-02-15 19:38:05',574),
(3,23,9,'2022-03-25 13:23:42',485),
(3,24,6,'2021-04-10 02:43:06',448),
(3,25,3,'2019-12-11 18:52:53',304),
(3,36,10,'2021-10-09 20:26:21',580),
(3,37,7,'2022-08-19 16:31:56',301),
(3,40,4,'2020-10-10 00:21:37',415),
(3,41,1,'2022-12-05 12:09:57',460),
(3,46,11,'2022-01-14 00:12:22',572),
(3,47,8,'2021-06-18 17:41:45',511),
(3,48,5,'2020-10-05 16:26:12',330),
(3,59,12,'2022-10-27 18:21:31',565),
(3,60,9,'2020-06-23 06:46:19',356),
(3,61,6,'2020-11-13 05:28:44',444),
(3,62,3,'2020-06-28 09:18:33',509),
(3,63,13,'2020-07-10 21:30:18',592),
(3,64,10,'2020-05-27 11:30:09',557),
(3,75,4,'2020-11-02 06:03:17',533),
(3,76,1,'2020-08-10 12:51:08',571),
(3,77,11,'2022-11-11 23:57:44',367),
(3,78,8,'2022-07-27 20:15:33',530),
(3,79,5,'2022-08-25 08:26:51',345),
(3,80,2,'2020-06-08 04:46:04',464),
(3,81,12,'2021-08-03 17:58:15',546),
(3,92,6,'2021-09-11 09:25:04',502),
(3,93,3,'2022-02-09 01:50:11',446),
(3,94,13,'2021-12-31 12:05:53',538),
(3,95,10,'2022-11-23 16:07:28',522),
(3,96,7,'2020-07-06 04:25:50',420),
(3,97,4,'2021-07-12 22:16:48',315),
(3,108,11,'2020-10-13 14:23:00',300),
(3,139,8,'2021-07-18 23:08:43',535),
(3,140,5,'2021-01-18 14:43:44',304),
(3,141,2,'2020-04-26 05:26:04',335),
(3,142,12,'2020-04-27 08:18:23',504),
(3,143,9,'2019-12-29 02:33:22',491),
(3,144,6,'2022-03-30 13:14:05',421),
(4,4,4,'2021-05-02 01:33:55',390),
(4,5,1,'2022-02-18 19:16:30',389),
(4,6,11,'2022-08-11 15:18:17',407),
(4,7,8,'2021-06-19 21:39:52',544),
(4,8,5,'2022-07-22 12:28:59',468),
(4,9,2,'2022-10-07 09:09:44',363),
(4,10,12,'2022-09-16 18:45:41',463),
(4,21,6,'2022-11-19 18:24:31',392),
(4,22,3,'2021-04-15 12:22:08',407),
(4,23,13,'2020-10-11 10:52:15',307),
(4,24,10,'2022-02-17 01:31:41',475),
(4,25,7,'2020-11-25 07:31:06',578),
(4,26,4,'2022-02-09 21:49:15',524),
(4,37,11,'2022-08-25 15:41:18',519),
(4,40,8,'2021-05-01 13:05:17',311),
(4,41,5,'2020-10-05 23:17:03',410),
(4,46,2,'2021-09-16 21:34:04',444),
(4,47,12,'2020-07-23 17:52:22',561),
(4,48,9,'2022-05-31 22:08:44',382),
(4,49,6,'2020-09-18 23:56:16',330),
(4,60,13,'2022-11-02 14:56:55',582),
(4,61,10,'2021-12-06 08:06:12',434),
(4,62,7,'2021-11-22 06:50:51',445),
(4,63,4,'2020-04-13 21:39:18',543),
(4,64,1,'2021-12-21 12:28:06',466),
(4,65,11,'2022-08-20 07:09:21',498),
(4,76,5,'2020-09-09 14:13:32',449),
(4,77,2,'2020-11-15 20:15:48',364),
(4,78,12,'2021-11-29 14:32:53',334),
(4,79,9,'2022-04-17 22:30:16',399),
(4,80,6,'2021-05-26 07:53:47',535),
(4,81,3,'2020-08-04 10:48:46',467),
(4,82,13,'2021-01-08 15:42:32',480),
(4,93,7,'2021-09-22 06:42:29',347),
(4,94,4,'2020-03-24 18:26:41',316),
(4,95,1,'2021-04-07 02:14:13',492),
(4,96,11,'2020-01-04 02:56:02',305),
(4,97,8,'2022-04-09 00:06:07',573),
(4,98,5,'2022-06-26 12:52:33',419),
(4,139,12,'2020-05-12 08:30:33',452),
(4,140,9,'2022-11-13 14:08:48',420),
(4,141,6,'2020-11-27 22:04:34',309),
(4,142,3,'2021-10-18 06:04:51',438),
(4,143,13,'2020-04-10 02:54:03',428),
(4,144,10,'2020-02-11 21:07:56',357),
(4,145,7,'2022-03-28 01:33:29',323),
(5,5,5,'2022-02-09 19:12:58',515),
(5,6,2,'2022-08-29 00:07:23',443),
(5,7,12,'2022-07-21 00:28:36',501),
(5,8,9,'2020-05-02 03:11:12',335),
(5,9,6,'2021-02-24 00:26:12',582),
(5,10,3,'2021-10-28 09:55:34',334),
(5,11,13,'2022-10-05 23:06:37',392),
(5,22,7,'2020-05-30 15:33:33',404),
(5,23,4,'2022-01-30 00:31:43',370),
(5,24,1,'2021-04-28 06:06:06',336),
(5,25,11,'2022-11-06 19:21:37',340),
(5,26,8,'2022-01-01 18:01:18',438),
(5,27,5,'2020-06-15 18:19:13',413),
(5,40,12,'2020-05-27 03:55:20',531),
(5,41,9,'2020-06-14 16:11:17',566),
(5,46,6,'2021-09-14 07:24:19',343),
(5,47,3,'2020-10-06 21:42:30',431),
(5,48,13,'2022-04-03 14:14:59',480),
(5,49,10,'2022-10-24 07:07:10',470),
(5,50,7,'2021-12-13 12:39:15',516),
(5,61,1,'2021-04-03 02:40:42',361),
(5,62,11,'2021-05-27 08:40:08',540),
(5,63,8,'2022-06-18 12:10:36',562),
(5,64,5,'2020-01-12 21:37:44',328),
(5,65,2,'2020-04-16 06:06:00',302),
(5,66,12,'2022-05-25 20:22:21',465),
(5,77,6,'2021-09-08 06:11:41',597),
(5,78,3,'2022-01-21 22:54:52',303),
(5,79,13,'2022-06-24 21:23:20',446),
(5,80,10,'2021-10-18 14:11:49',330),
(5,81,7,'2021-06-22 04:57:14',551),
(5,82,4,'2020-03-05 15:02:42',329),
(5,83,1,'2020-03-03 01:11:33',453),
(5,94,8,'2021-03-21 06:56:27',458),
(5,95,5,'2021-02-07 03:07:20',358),
(5,96,2,'2021-07-01 16:15:10',301),
(5,97,12,'2020-11-20 05:04:43',472),
(5,98,9,'2021-11-19 07:17:20',440),
(5,99,6,'2020-10-24 16:11:11',423),
(5,140,13,'2021-04-06 02:55:40',596),
(5,141,10,'2022-10-05 05:09:39',372),
(5,142,7,'2020-12-07 17:18:28',365),
(5,143,4,'2021-05-11 21:29:57',557),
(5,144,1,'2021-10-03 02:17:02',401),
(5,145,11,'2021-09-11 10:47:19',438),
(5,146,8,'2022-01-04 20:33:22',457),
(6,6,6,'2021-08-25 14:32:54',357),
(6,7,3,'2022-05-27 15:59:18',314),
(6,8,13,'2020-03-13 04:32:59',375),
(6,9,10,'2021-09-11 16:36:19',306),
(6,10,7,'2022-11-12 08:14:48',518),
(6,11,4,'2021-04-23 08:11:57',300),
(6,12,1,'2021-02-11 23:04:20',459),
(6,23,8,'2022-11-02 03:20:55',492),
(6,24,5,'2022-08-06 21:05:36',549),
(6,25,2,'2022-06-18 23:14:02',384),
(6,26,12,'2021-12-09 03:08:06',462),
(6,27,9,'2021-12-25 16:58:09',360),
(6,28,6,'2020-08-09 02:41:52',465),
(6,41,13,'2020-05-09 17:36:41',414),
(6,46,10,'2020-11-15 14:24:24',524),
(6,47,7,'2021-03-23 05:11:33',408),
(6,48,4,'2021-06-18 17:11:07',382),
(6,49,1,'2021-04-22 06:32:18',476),
(6,50,11,'2021-07-31 03:01:31',335),
(6,51,8,'2022-07-28 11:21:43',474),
(6,62,2,'2020-08-10 06:16:07',405),
(6,63,12,'2020-02-25 15:09:30',594),
(6,64,9,'2022-01-07 12:51:46',580),
(6,65,6,'2021-10-29 09:16:56',566),
(6,66,3,'2022-07-14 13:17:48',534),
(6,67,13,'2022-07-25 08:23:03',585),
(6,78,7,'2020-10-14 10:29:58',304),
(6,79,4,'2022-08-24 17:00:15',467),
(6,80,1,'2021-08-26 07:12:33',347),
(6,81,11,'2022-01-05 02:01:10',407),
(6,82,8,'2020-05-23 23:11:58',323),
(6,83,5,'2021-11-09 12:54:00',455),
(6,84,2,'2022-07-26 11:30:34',573),
(6,95,9,'2021-03-04 13:20:47',458),
(6,96,6,'2020-07-13 12:22:05',346),
(6,97,3,'2020-07-17 20:52:42',326),
(6,98,13,'2022-05-31 23:24:58',305),
(6,99,10,'2021-10-23 17:56:00',529),
(6,100,7,'2021-12-23 15:32:24',395),
(6,141,1,'2020-04-11 00:58:43',445),
(6,142,11,'2020-12-20 12:26:12',308),
(6,143,8,'2022-01-16 16:36:31',560),
(6,144,5,'2021-02-11 02:43:41',535),
(6,145,2,'2019-12-29 13:58:36',382),
(6,146,12,'2022-07-01 22:04:18',453),
(6,147,9,'2019-12-13 12:01:53',598),
(7,7,7,'2021-04-26 20:05:33',546),
(7,8,4,'2022-02-20 02:02:46',373),
(7,9,1,'2020-02-01 21:58:26',557),
(7,10,11,'2020-08-15 04:03:52',451),
(7,11,8,'2022-09-17 05:25:44',426),
(7,12,5,'2020-04-23 04:11:41',538),
(7,13,2,'2021-01-16 17:41:37',364),
(7,24,9,'2020-03-15 05:04:44',413),
(7,25,6,'2021-05-29 09:26:36',425),
(7,26,3,'2021-01-30 23:13:05',487),
(7,27,13,'2020-01-13 16:18:52',530),
(7,28,10,'2020-10-07 00:43:25',338),
(7,29,7,'2021-01-22 17:16:46',455),
(7,46,1,'2021-11-08 17:55:07',457),
(7,47,11,'2022-05-12 12:09:10',495),
(7,48,8,'2020-06-07 07:15:55',559),
(7,49,5,'2022-06-17 18:26:47',587),
(7,50,2,'2022-08-04 04:05:45',447),
(7,51,12,'2022-11-11 10:56:39',550),
(7,52,9,'2020-03-09 03:14:32',489),
(7,63,3,'2022-09-14 18:41:25',583),
(7,64,13,'2021-09-20 22:16:48',499),
(7,65,10,'2022-08-03 09:24:21',552),
(7,66,7,'2022-02-27 20:21:54',454),
(7,67,4,'2019-12-26 02:43:29',497),
(7,68,1,'2021-02-08 23:50:51',540),
(7,79,8,'2022-12-04 11:45:00',323),
(7,80,5,'2022-07-28 10:51:15',521),
(7,81,2,'2021-02-08 16:33:28',304),
(7,82,12,'2020-12-29 05:30:00',562),
(7,83,9,'2022-04-15 04:55:36',366),
(7,84,6,'2022-01-15 22:57:21',346),
(7,85,3,'2021-05-04 18:02:07',360),
(7,96,10,'2021-01-18 05:02:52',566),
(7,97,7,'2022-04-15 01:08:34',391),
(7,98,4,'2020-02-23 21:59:13',330),
(7,99,1,'2021-04-17 18:19:47',423),
(7,100,11,'2022-09-09 13:54:48',359),
(7,101,8,'2020-10-10 18:22:18',565),
(7,142,2,'2020-05-24 13:05:05',352),
(7,143,12,'2022-04-30 16:53:18',543),
(7,144,9,'2022-08-02 21:05:57',545),
(7,145,6,'2020-01-19 00:36:41',479),
(7,146,3,'2021-12-09 18:29:29',533),
(7,147,13,'2021-03-17 02:20:57',358),
(7,148,10,'2022-08-15 08:12:48',483),
(8,8,8,'2021-11-16 10:43:26',448),
(8,9,5,'2021-08-11 11:30:38',337),
(8,10,2,'2022-06-11 08:45:47',556),
(8,11,12,'2021-08-15 12:34:23',459),
(8,12,9,'2022-06-16 06:36:38',556),
(8,13,6,'2020-11-05 04:13:04',486),
(8,14,3,'2020-02-25 20:58:32',509),
(8,25,10,'2022-01-11 13:34:15',369),
(8,26,7,'2021-06-16 10:21:52',300),
(8,27,4,'2021-05-18 13:49:31',456),
(8,28,1,'2021-08-03 10:10:40',561),
(8,29,11,'2021-11-18 04:21:57',385),
(8,30,8,'2020-11-14 21:08:16',359),
(8,47,2,'2021-06-03 00:30:00',362),
(8,48,12,'2020-03-04 03:14:12',578),
(8,49,9,'2022-10-11 20:52:42',451),
(8,50,6,'2019-12-22 15:46:32',330),
(8,51,3,'2022-02-02 08:08:45',345),
(8,52,13,'2022-02-18 17:36:19',373),
(8,53,10,'2022-08-23 20:11:59',395),
(8,64,4,'2021-02-26 00:56:51',345),
(8,65,1,'2022-08-04 08:09:58',535),
(8,66,11,'2020-07-04 12:26:22',391),
(8,67,8,'2019-12-24 11:40:57',572),
(8,68,5,'2021-07-07 11:38:10',501),
(8,69,2,'2021-09-20 00:08:35',493),
(8,80,9,'2022-06-17 05:46:53',349),
(8,81,6,'2022-03-16 19:18:37',379),
(8,82,3,'2020-11-29 22:38:53',458),
(8,83,13,'2021-12-04 08:12:06',393),
(8,84,10,'2021-09-08 11:45:21',563),
(8,85,7,'2020-09-25 13:58:48',557),
(8,86,4,'2021-01-27 11:21:25',305),
(8,97,11,'2020-01-08 03:53:45',585),
(8,98,8,'2022-10-07 08:57:32',398),
(8,99,5,'2021-01-01 06:51:44',534),
(8,100,2,'2019-12-21 00:11:31',377),
(8,101,12,'2019-12-14 11:42:45',344),
(8,102,9,'2020-05-19 22:38:03',427),
(8,143,3,'2022-01-13 11:29:54',430),
(8,144,13,'2020-03-13 02:02:59',484),
(8,145,10,'2022-02-25 13:21:36',599),
(8,146,7,'2020-12-23 12:57:45',471),
(8,147,4,'2021-02-05 16:24:51',579),
(8,148,1,'2019-12-29 21:54:17',304),
(8,149,11,'2022-07-19 07:28:00',381),
(9,9,9,'2022-05-29 18:46:35',431),
(9,10,6,'2020-10-01 14:40:58',383),
(9,11,3,'2021-03-29 10:01:08',536),
(9,12,13,'2022-09-14 02:18:41',349),
(9,13,10,'2020-07-27 09:19:58',344),
(9,14,7,'2020-08-31 22:43:29',431),
(9,15,4,'2022-07-25 08:58:22',393),
(9,26,11,'2020-08-26 05:22:18',547),
(9,27,8,'2021-09-06 01:11:52',359),
(9,28,5,'2020-03-22 12:10:53',510),
(9,29,2,'2020-03-21 19:36:45',568),
(9,30,12,'2020-09-28 15:13:02',520),
(9,31,9,'2020-06-02 17:05:47',353),
(9,48,3,'2020-02-04 06:36:03',595),
(9,49,13,'2021-08-12 10:54:38',400),
(9,50,10,'2020-05-07 03:05:57',331),
(9,51,7,'2021-05-08 23:58:26',565),
(9,52,4,'2020-01-24 12:24:40',531),
(9,53,1,'2021-08-07 14:25:41',317),
(9,54,11,'2020-05-20 14:14:18',589),
(9,65,5,'2022-06-17 13:22:07',389),
(9,66,2,'2022-03-22 19:11:18',460),
(9,67,12,'2021-05-13 05:42:27',567),
(9,68,9,'2021-06-10 18:36:51',457),
(9,69,6,'2022-09-11 12:11:19',558),
(9,70,3,'2021-09-28 11:11:27',469),
(9,81,10,'2021-05-20 21:46:10',458),
(9,82,7,'2021-09-20 10:12:24',404),
(9,83,4,'2021-09-22 04:10:10',541),
(9,84,1,'2020-12-21 14:52:34',482),
(9,85,11,'2021-12-11 21:59:35',425),
(9,86,8,'2021-02-11 02:23:10',470),
(9,87,5,'2020-06-27 11:55:18',409),
(9,98,12,'2022-09-20 18:17:50',518),
(9,99,9,'2020-05-24 02:52:36',483),
(9,100,6,'2021-08-28 04:27:22',554),
(9,101,3,'2022-08-09 10:13:46',467),
(9,102,13,'2020-02-14 11:08:37',525),
(9,103,10,'2020-12-23 10:53:37',383),
(9,144,4,'2020-04-28 23:57:20',449),
(9,145,1,'2020-07-02 12:07:29',323),
(9,146,11,'2022-02-26 19:21:11',459),
(9,147,8,'2020-09-21 12:23:56',599),
(9,148,5,'2022-08-10 23:33:58',541),
(9,149,2,'2021-04-30 02:43:47',450),
(9,150,12,'2021-03-29 02:12:22',430),
(10,10,10,'2021-11-15 16:31:00',450),
(10,11,7,'2022-10-27 23:23:26',517),
(10,12,4,'2021-11-25 18:01:31',434),
(10,13,1,'2022-05-13 16:58:44',448),
(10,14,11,'2022-04-30 05:32:24',384),
(10,15,8,'2020-07-27 20:32:22',353),
(10,16,5,'2021-11-29 08:15:56',408),
(10,27,12,'2020-12-27 02:01:29',577),
(10,28,9,'2020-09-14 10:11:42',386),
(10,29,6,'2020-08-04 03:40:52',512),
(10,30,3,'2021-05-03 15:29:04',523),
(10,31,13,'2021-02-19 21:47:59',354),
(10,32,10,'2020-05-12 07:35:24',545),
(10,49,4,'2022-09-18 19:19:23',384),
(10,50,1,'2020-05-13 21:51:14',577),
(10,51,11,'2021-08-17 23:03:28',548),
(10,52,8,'2022-05-16 10:12:00',350),
(10,53,5,'2021-02-17 08:08:22',318),
(10,54,2,'2022-03-21 02:24:16',322),
(10,55,12,'2022-04-19 18:00:45',535),
(10,66,6,'2020-01-15 20:24:07',371),
(10,67,3,'2020-07-15 22:05:12',310),
(10,68,13,'2022-02-05 06:18:03',584),
(10,69,10,'2021-10-28 21:29:53',442),
(10,70,7,'2021-10-14 20:48:03',547),
(10,71,4,'2021-03-14 02:40:00',596),
(10,82,11,'2022-08-15 07:06:52',477),
(10,83,8,'2021-04-02 02:07:15',565),
(10,84,5,'2020-08-25 11:03:26',340),
(10,85,2,'2022-05-23 16:55:55',564),
(10,86,12,'2022-05-04 03:29:09',528),
(10,87,9,'2021-01-11 17:16:19',432),
(10,88,6,'2021-04-10 22:08:34',339),
(10,99,13,'2019-12-11 22:06:29',577),
(10,100,10,'2020-09-19 12:03:11',408),
(10,101,7,'2022-08-18 03:48:08',404),
(10,102,4,'2020-08-07 13:54:21',469),
(10,103,1,'2021-10-01 04:12:16',378),
(10,104,11,'2022-11-28 04:40:24',369),
(10,145,5,'2021-03-04 10:35:08',423),
(10,146,2,'2021-12-10 08:34:49',487),
(10,147,12,'2022-12-03 21:45:10',598),
(10,148,9,'2021-12-15 02:57:13',593),
(10,149,6,'2020-05-09 22:46:49',482),
(10,150,3,'2021-07-02 13:04:00',412),
(10,151,13,'2021-10-08 12:43:21',340),
(11,1,1,'2022-04-25 18:08:26',366),
(11,11,11,'2020-03-17 02:48:14',321),
(11,12,8,'2021-08-22 05:39:48',438),
(11,13,5,'2021-09-14 02:40:11',383),
(11,14,2,'2021-05-06 18:28:28',532),
(11,15,12,'2020-10-18 08:23:11',397),
(11,16,9,'2022-12-02 19:30:31',545),
(11,17,6,'2021-07-02 19:18:50',354),
(11,28,13,'2021-03-16 17:13:06',494),
(11,29,10,'2022-03-26 00:48:46',323),
(11,30,7,'2021-12-25 15:32:08',490),
(11,31,4,'2022-11-14 17:08:20',494),
(11,32,1,'2020-07-16 03:25:16',476),
(11,33,11,'2021-04-10 17:38:21',430),
(11,50,5,'2020-06-14 08:59:22',455),
(11,51,2,'2020-12-24 11:30:50',389),
(11,52,12,'2022-03-26 21:31:31',427),
(11,53,9,'2021-05-21 03:16:52',402),
(11,54,6,'2021-02-10 10:44:23',433),
(11,55,3,'2022-05-26 09:24:05',484),
(11,56,13,'2020-11-23 19:39:09',350),
(11,67,7,'2020-10-24 10:53:41',329),
(11,68,4,'2022-04-08 13:51:54',350),
(11,69,1,'2022-10-22 16:17:53',532),
(11,70,11,'2021-12-20 23:12:53',575),
(11,71,8,'2021-04-30 14:57:11',310),
(11,72,5,'2020-04-05 13:40:07',476),
(11,83,12,'2022-02-09 02:33:57',483),
(11,84,9,'2020-02-25 09:17:36',313),
(11,85,6,'2022-07-11 16:01:51',383),
(11,86,3,'2021-10-21 05:58:07',520),
(11,87,13,'2021-09-21 20:59:47',538),
(11,88,10,'2020-09-21 06:53:29',591),
(11,89,7,'2021-08-22 19:45:46',437),
(11,100,1,'2021-07-24 21:14:45',546),
(11,101,11,'2022-03-12 05:54:24',568),
(11,102,8,'2021-02-14 14:06:29',579),
(11,103,5,'2021-01-21 05:53:45',301),
(11,104,2,'2020-03-02 08:00:47',392),
(11,105,12,'2021-11-12 05:20:16',428),
(11,146,6,'2021-09-22 12:23:54',448),
(11,147,3,'2020-05-06 14:59:33',493),
(11,148,13,'2022-01-02 09:33:55',487),
(11,149,10,'2020-05-16 23:12:10',472),
(11,150,7,'2022-05-20 22:23:24',393),
(11,151,4,'2020-05-30 22:11:43',436),
(12,1,5,'2020-09-09 22:48:56',487),
(12,2,2,'2022-10-10 15:11:24',569),
(12,12,12,'2022-05-29 23:53:30',506),
(12,13,9,'2022-07-27 05:52:17',334),
(12,14,6,'2021-09-14 13:54:21',507),
(12,15,3,'2020-09-23 18:56:23',541),
(12,16,13,'2021-08-05 20:52:08',505),
(12,17,10,'2022-06-01 09:29:29',485),
(12,18,7,'2022-05-22 01:10:20',314),
(12,29,1,'2020-03-10 19:52:34',436),
(12,30,11,'2021-09-01 01:16:15',525),
(12,31,8,'2021-04-20 18:18:56',423),
(12,32,5,'2021-05-21 22:30:44',412),
(12,33,2,'2021-10-13 10:41:31',415),
(12,34,12,'2020-12-02 18:11:39',563),
(12,51,6,'2020-12-04 15:41:58',445),
(12,52,3,'2020-06-03 21:32:30',329),
(12,53,13,'2021-09-24 04:59:48',308),
(12,54,10,'2020-08-26 08:35:34',374),
(12,55,7,'2021-02-07 06:53:03',346),
(12,56,4,'2021-11-18 01:28:44',456),
(12,57,1,'2022-01-21 11:08:10',566),
(12,68,8,'2020-05-19 09:33:04',435),
(12,69,5,'2022-10-24 12:58:13',353),
(12,70,2,'2021-09-12 22:34:36',433),
(12,71,12,'2022-07-20 11:57:52',364),
(12,72,9,'2020-02-28 13:00:03',324),
(12,73,6,'2020-11-11 19:06:58',410),
(12,84,13,'2020-05-08 18:34:47',401),
(12,85,10,'2021-10-27 02:55:03',584),
(12,86,7,'2021-02-21 11:04:15',431),
(12,87,4,'2022-10-29 16:35:57',452),
(12,88,1,'2022-12-05 17:11:54',572),
(12,89,11,'2021-01-30 19:42:45',466),
(12,90,8,'2020-04-19 10:55:08',357),
(12,101,2,'2020-12-29 16:31:40',544),
(12,102,12,'2021-09-15 23:36:00',307),
(12,103,9,'2021-12-23 05:50:24',392),
(12,104,6,'2022-01-24 04:22:08',302),
(12,105,3,'2020-06-26 07:08:07',391),
(12,106,13,'2020-04-26 07:47:36',600),
(12,147,7,'2021-11-26 05:27:09',416),
(12,148,4,'2021-12-28 22:00:22',538),
(12,149,1,'2021-09-24 08:34:56',596),
(12,150,11,'2020-12-01 12:15:40',434),
(12,151,8,'2021-02-06 18:22:31',365),
(13,1,9,'2021-08-20 00:37:52',433),
(13,2,6,'2020-06-19 21:03:03',390),
(13,3,3,'2020-05-01 15:36:07',329),
(13,13,13,'2021-02-17 11:44:36',557),
(13,14,10,'2022-04-27 04:26:13',579),
(13,15,7,'2021-03-03 03:53:55',518),
(13,16,4,'2021-07-29 11:58:22',590),
(13,17,1,'2021-08-04 14:41:35',423),
(13,18,11,'2021-08-17 21:29:48',361),
(13,19,8,'2020-04-15 10:31:45',566),
(13,30,2,'2022-01-29 16:03:33',398),
(13,31,12,'2021-09-22 22:51:46',437),
(13,32,9,'2020-10-04 14:01:23',347),
(13,33,6,'2022-08-11 22:29:30',481),
(13,34,3,'2021-12-13 08:59:30',540),
(13,35,13,'2022-11-04 03:44:10',546),
(13,52,7,'2021-02-20 23:16:20',325),
(13,53,4,'2021-09-27 03:55:13',552),
(13,54,1,'2021-02-20 14:11:43',402),
(13,55,11,'2022-04-19 16:29:17',330),
(13,56,8,'2021-01-23 17:29:47',407),
(13,57,5,'2021-06-10 09:57:12',488),
(13,58,2,'2022-11-19 07:47:23',433),
(13,69,9,'2020-01-15 19:21:57',358),
(13,70,6,'2021-10-09 05:26:39',359),
(13,71,3,'2020-05-13 09:04:29',365),
(13,72,13,'2020-09-03 19:37:14',458),
(13,73,10,'2022-10-18 13:09:13',334),
(13,74,7,'2021-07-23 22:17:08',554),
(13,85,1,'2021-07-21 05:21:04',495),
(13,86,11,'2020-06-24 15:28:40',368),
(13,87,8,'2022-03-12 07:24:13',408),
(13,88,5,'2022-11-10 19:01:40',374),
(13,89,2,'2021-02-27 12:14:34',589),
(13,90,12,'2021-08-20 12:53:48',431),
(13,91,9,'2021-11-06 05:26:16',329),
(13,102,3,'2022-03-17 16:36:47',310),
(13,103,13,'2020-12-07 04:21:39',542),
(13,104,10,'2021-07-04 15:30:18',542),
(13,105,7,'2019-12-11 16:02:03',384),
(13,106,4,'2021-08-02 00:51:35',392),
(13,107,1,'2021-05-21 04:18:40',368),
(13,148,8,'2020-03-27 19:31:46',520),
(13,149,5,'2022-06-28 00:30:22',468),
(13,150,2,'2021-09-22 18:52:43',389),
(13,151,12,'2020-04-13 21:30:25',498),
(14,1,13,'2021-06-10 08:59:47',473),
(14,2,10,'2022-12-01 18:15:49',326),
(14,3,7,'2022-09-26 04:45:40',542),
(14,4,4,'2021-05-26 22:44:32',370),
(14,14,1,'2020-08-22 13:23:57',598),
(14,15,11,'2020-05-10 06:13:08',332),
(14,16,8,'2021-11-07 16:17:05',485),
(14,17,5,'2021-11-02 05:16:01',318),
(14,18,2,'2021-10-01 20:30:28',440),
(14,19,12,'2022-01-16 02:13:31',411),
(14,20,9,'2020-05-06 22:05:24',573),
(14,31,3,'2022-09-29 15:52:06',409),
(14,32,13,'2022-10-31 12:01:30',518),
(14,33,10,'2021-08-05 01:19:36',504),
(14,34,7,'2021-11-15 18:35:26',335),
(14,35,4,'2022-07-06 01:11:49',573),
(14,36,1,'2020-03-12 06:54:05',358),
(14,53,8,'2022-01-24 06:20:22',326),
(14,54,5,'2020-05-01 00:41:06',581),
(14,55,2,'2021-06-22 10:04:11',576),
(14,56,12,'2021-01-13 13:12:34',312),
(14,57,9,'2021-06-14 20:42:51',454),
(14,58,6,'2020-03-10 13:09:27',371),
(14,59,3,'2021-05-25 13:45:20',428),
(14,70,10,'2020-08-23 00:36:49',500),
(14,71,7,'2020-07-05 04:01:06',516),
(14,72,4,'2020-03-17 23:57:24',599),
(14,73,1,'2022-04-16 04:04:23',582),
(14,74,11,'2020-05-15 19:06:15',472),
(14,75,8,'2020-03-02 18:42:53',575),
(14,86,2,'2021-09-01 20:46:53',539),
(14,87,12,'2022-03-20 05:12:23',408),
(14,88,9,'2022-03-21 23:16:49',446),
(14,89,6,'2021-08-16 05:14:54',507),
(14,90,3,'2021-06-27 11:25:52',507),
(14,91,13,'2020-03-22 07:53:38',573),
(14,92,10,'2022-09-13 14:36:44',524),
(14,103,4,'2022-07-27 22:38:57',321),
(14,104,1,'2020-01-11 14:00:56',562),
(14,105,11,'2021-07-27 11:57:53',449),
(14,106,8,'2022-10-14 03:09:30',526),
(14,107,5,'2019-12-31 18:35:39',438),
(14,108,2,'2021-10-26 09:10:22',469),
(14,149,9,'2022-12-08 06:20:05',537),
(14,150,6,'2021-12-29 06:03:47',426),
(14,151,3,'2021-07-14 16:42:32',531),
(15,1,4,'2020-06-22 22:11:47',520),
(15,2,1,'2022-02-12 05:43:00',410),
(15,3,11,'2022-11-04 18:24:55',454),
(15,4,8,'2022-02-15 12:03:29',395),
(15,5,5,'2021-01-22 15:17:56',399),
(15,15,2,'2020-12-17 02:13:02',542),
(15,16,12,'2021-02-02 10:09:43',480),
(15,17,9,'2021-01-07 06:55:09',493),
(15,18,6,'2020-06-10 18:06:27',404),
(15,19,3,'2020-02-15 03:38:37',411),
(15,20,13,'2021-11-24 15:35:56',511),
(15,21,10,'2022-07-19 16:13:40',527),
(15,32,4,'2020-12-04 16:23:16',595),
(15,33,1,'2020-01-02 10:39:54',554),
(15,34,11,'2020-04-22 16:48:19',338),
(15,35,8,'2020-10-12 01:51:46',578),
(15,36,5,'2021-05-06 02:08:36',587),
(15,37,2,'2021-11-29 10:32:22',493),
(15,54,9,'2021-03-13 18:55:23',448),
(15,55,6,'2020-01-30 20:43:21',374),
(15,56,3,'2021-06-08 17:44:34',431),
(15,57,13,'2021-04-20 13:53:11',505),
(15,58,10,'2021-01-11 18:58:34',478),
(15,59,7,'2021-07-13 15:50:30',447),
(15,60,4,'2022-12-03 12:39:26',470),
(15,71,11,'2021-05-20 19:39:29',523),
(15,72,8,'2022-07-24 07:47:22',464),
(15,73,5,'2022-11-27 18:31:00',535),
(15,74,2,'2022-08-08 15:37:58',576),
(15,75,12,'2022-09-11 17:05:30',470),
(15,76,9,'2021-04-17 12:32:07',426),
(15,87,3,'2021-11-16 08:04:08',465),
(15,88,13,'2022-05-21 23:41:49',466),
(15,89,10,'2020-01-27 05:30:47',551),
(15,90,7,'2021-01-04 06:33:28',595),
(15,91,4,'2022-07-21 23:51:31',437),
(15,92,1,'2021-09-02 12:01:06',528),
(15,93,11,'2020-11-08 05:00:24',489),
(15,104,5,'2020-07-04 11:08:44',310),
(15,105,2,'2022-11-19 22:38:06',385),
(15,106,12,'2021-03-23 07:22:49',351),
(15,107,9,'2022-11-04 10:31:12',529),
(15,108,6,'2020-12-12 23:33:12',517),
(15,139,3,'2020-07-24 22:19:57',460),
(15,150,10,'2020-06-29 07:29:41',420),
(15,151,7,'2021-05-18 17:43:36',359),
(16,1,8,'2022-01-29 19:36:04',527),
(16,2,5,'2021-04-30 23:55:50',332),
(16,3,2,'2021-09-05 03:09:32',534),
(16,4,12,'2022-04-21 09:53:35',432),
(16,5,9,'2020-07-12 10:57:45',523),
(16,16,3,'2022-09-16 08:55:01',461),
(16,17,13,'2022-04-16 11:38:08',569),
(16,18,10,'2022-11-27 09:57:28',384),
(16,19,7,'2020-04-21 07:00:56',531),
(16,20,4,'2020-06-14 23:20:57',333),
(16,21,1,'2021-12-20 09:42:47',595),
(16,22,11,'2021-11-01 19:11:17',377),
(16,33,5,'2022-07-06 14:36:01',483),
(16,34,2,'2021-10-17 16:09:16',424),
(16,35,12,'2021-03-29 21:16:49',335),
(16,36,9,'2022-08-29 01:40:50',402),
(16,37,6,'2021-04-25 16:12:05',506),
(16,40,3,'2022-10-17 10:50:51',492),
(16,55,10,'2022-05-07 16:50:32',409),
(16,56,7,'2021-06-16 23:02:20',341),
(16,57,4,'2021-03-25 04:01:25',504),
(16,58,1,'2021-08-05 20:22:45',446),
(16,59,11,'2021-09-29 21:46:35',363),
(16,60,8,'2022-07-31 15:59:37',506),
(16,61,5,'2022-08-26 18:53:28',414),
(16,72,12,'2021-12-14 12:15:32',526),
(16,73,9,'2020-09-14 10:38:00',428),
(16,74,6,'2021-10-04 15:12:13',467),
(16,75,3,'2021-03-11 18:42:00',348),
(16,76,13,'2020-03-07 05:46:58',336),
(16,77,10,'2021-11-20 06:48:56',446),
(16,88,4,'2022-02-12 10:53:17',467),
(16,89,1,'2020-07-30 01:38:37',457),
(16,90,11,'2022-07-09 02:26:29',438),
(16,91,8,'2021-02-16 18:57:42',497),
(16,92,5,'2020-07-04 10:50:13',404),
(16,93,2,'2020-08-10 02:39:56',438),
(16,94,12,'2020-08-31 14:59:39',591),
(16,105,6,'2020-12-22 10:33:15',305),
(16,106,3,'2022-08-10 00:36:39',483),
(16,107,13,'2021-09-18 18:27:23',379),
(16,108,10,'2020-01-23 07:40:01',537),
(16,139,7,'2020-09-24 17:03:10',377),
(16,140,4,'2020-10-16 11:48:55',562),
(16,151,11,'2021-06-22 19:31:19',336),
(17,1,12,'2020-08-14 00:55:29',578),
(17,2,9,'2021-03-19 20:29:13',510),
(17,3,6,'2020-03-25 12:52:52',562),
(17,4,3,'2021-07-12 21:10:54',567),
(17,5,13,'2022-11-17 13:59:25',551),
(17,6,10,'2020-10-18 04:55:22',410),
(17,17,4,'2022-10-12 14:44:59',504),
(17,18,1,'2021-04-12 18:22:22',572),
(17,19,11,'2022-01-22 19:01:00',598),
(17,20,8,'2022-09-01 07:15:55',445),
(17,21,5,'2022-07-25 05:39:23',413),
(17,22,2,'2022-09-03 06:23:41',312),
(17,23,12,'2021-11-25 02:21:07',485),
(17,34,6,'2020-04-24 03:23:12',386),
(17,35,3,'2021-02-24 23:10:55',352),
(17,36,13,'2021-08-28 18:04:51',597),
(17,37,10,'2021-10-07 13:11:14',404),
(17,40,7,'2021-01-14 18:21:45',407),
(17,41,4,'2022-08-11 21:19:42',349),
(17,56,11,'2021-01-24 09:26:33',452),
(17,57,8,'2020-08-21 19:29:17',402),
(17,58,5,'2022-04-12 17:18:16',398),
(17,59,2,'2020-10-20 16:20:15',531),
(17,60,12,'2020-08-03 00:09:50',352),
(17,61,9,'2022-03-24 07:06:37',316),
(17,62,6,'2022-10-05 10:27:21',444),
(17,73,13,'2021-12-09 04:41:24',588),
(17,74,10,'2022-01-06 17:37:02',424),
(17,75,7,'2022-02-16 09:46:59',345),
(17,76,4,'2021-05-17 09:24:04',352),
(17,77,1,'2022-10-03 15:44:03',340),
(17,78,11,'2021-04-06 10:28:50',594),
(17,89,5,'2022-06-26 00:09:33',544),
(17,90,2,'2022-10-02 23:30:45',502),
(17,91,12,'2020-10-03 00:10:10',527),
(17,92,9,'2021-12-20 17:09:27',310),
(17,93,6,'2020-09-09 08:20:45',415),
(17,94,3,'2020-01-28 23:55:30',409),
(17,95,13,'2021-05-11 07:40:37',434),
(17,106,7,'2021-04-05 14:24:27',460),
(17,107,4,'2021-07-01 14:00:11',308),
(17,108,1,'2020-08-04 21:12:43',565),
(17,139,11,'2020-01-14 04:28:52',367),
(17,140,8,'2020-11-25 04:21:48',373),
(17,141,5,'2019-12-24 08:49:35',556),
(18,2,13,'2020-12-04 06:17:47',584),
(18,3,10,'2022-07-01 22:19:09',411),
(18,4,7,'2022-07-03 23:51:24',500),
(18,5,4,'2021-09-29 14:30:25',433),
(18,6,1,'2022-02-19 23:01:15',322),
(18,7,11,'2021-07-04 15:24:37',561),
(18,18,5,'2022-08-28 10:43:05',387),
(18,19,2,'2022-08-09 18:03:56',521),
(18,20,12,'2021-09-28 19:56:41',456),
(18,21,9,'2021-10-15 10:33:17',312),
(18,22,6,'2021-12-29 05:56:49',307),
(18,23,3,'2022-03-16 01:04:48',340),
(18,24,13,'2022-07-09 21:43:05',534),
(18,35,7,'2020-10-07 19:44:54',363),
(18,36,4,'2020-09-27 15:37:24',559),
(18,37,1,'2021-04-26 02:38:43',486),
(18,40,11,'2021-05-07 02:31:56',588),
(18,41,8,'2020-05-29 20:11:17',324),
(18,46,5,'2022-06-25 07:50:09',464),
(18,57,12,'2021-10-03 08:40:58',433),
(18,58,9,'2022-05-14 16:28:20',526),
(18,59,6,'2020-11-30 19:25:38',519),
(18,60,3,'2021-08-20 06:15:24',481),
(18,61,13,'2020-10-15 16:50:20',315),
(18,62,10,'2021-06-30 16:46:38',359),
(18,63,7,'2020-10-04 22:32:06',380),
(18,74,1,'2022-03-21 15:19:00',342),
(18,75,11,'2020-12-05 14:00:27',319),
(18,76,8,'2019-12-24 05:30:06',528),
(18,77,5,'2021-02-28 01:02:01',384),
(18,78,2,'2020-09-01 21:39:08',409),
(18,79,12,'2022-08-16 02:12:51',447),
(18,90,6,'2021-06-13 21:09:14',449),
(18,91,3,'2022-04-14 18:37:56',380),
(18,92,13,'2021-09-24 05:54:57',546),
(18,93,10,'2021-09-28 19:31:51',401),
(18,94,7,'2022-07-06 11:23:32',557),
(18,95,4,'2022-08-30 17:19:10',409),
(18,96,1,'2021-02-25 16:51:01',542),
(18,107,8,'2022-11-19 18:13:38',465),
(18,108,5,'2022-08-19 21:05:31',574),
(18,139,2,'2021-06-15 18:51:39',304),
(18,140,12,'2022-04-20 17:55:56',474),
(18,141,9,'2021-03-06 03:04:30',387),
(18,142,6,'2019-12-11 04:41:18',532),
(19,3,1,'2020-06-21 01:03:28',307),
(19,4,11,'2021-03-24 10:13:30',344),
(19,5,8,'2020-08-17 23:15:50',494),
(19,6,5,'2022-04-19 02:17:52',569),
(19,7,2,'2021-04-17 09:22:23',358),
(19,8,12,'2020-01-03 21:04:00',434),
(19,19,6,'2020-04-10 05:34:46',433),
(19,20,3,'2022-12-08 19:39:10',567),
(19,21,13,'2022-04-02 23:01:34',447),
(19,22,10,'2020-08-25 05:21:44',496),
(19,23,7,'2020-06-17 18:55:14',564),
(19,24,4,'2022-04-08 03:57:23',574),
(19,25,1,'2021-12-09 00:23:44',314),
(19,36,8,'2021-01-05 02:36:06',319),
(19,37,5,'2022-03-23 10:32:37',514),
(19,40,2,'2022-09-01 22:26:57',497),
(19,41,12,'2021-05-03 06:41:16',365),
(19,46,9,'2022-10-21 14:11:21',349),
(19,47,6,'2020-07-09 08:00:04',531),
(19,58,13,'2022-01-01 12:39:23',539),
(19,59,10,'2020-10-30 22:19:19',373),
(19,60,7,'2020-06-03 23:51:45',340),
(19,61,4,'2022-04-15 14:33:54',463),
(19,62,1,'2021-09-07 02:13:53',373),
(19,63,11,'2020-05-01 05:21:53',452),
(19,64,8,'2022-12-08 15:27:48',582),
(19,75,2,'2021-08-21 07:52:05',582),
(19,76,12,'2022-08-13 23:51:32',427),
(19,77,9,'2022-11-08 13:40:08',432),
(19,78,6,'2020-08-26 12:27:59',498),
(19,79,3,'2022-07-09 06:38:47',437),
(19,80,13,'2021-07-11 19:33:30',318),
(19,91,7,'2022-04-03 07:54:55',569),
(19,92,4,'2022-05-09 22:31:57',311),
(19,93,1,'2022-07-28 12:28:21',312),
(19,94,11,'2020-01-23 01:14:28',382),
(19,95,8,'2022-11-01 19:38:02',523),
(19,96,5,'2020-04-18 23:29:28',583),
(19,97,2,'2020-05-08 14:39:02',390),
(19,108,9,'2020-05-28 22:13:13',413),
(19,139,6,'2022-08-14 07:21:48',366),
(19,140,3,'2022-09-12 03:37:46',476),
(19,141,13,'2020-05-21 19:44:43',323),
(19,142,10,'2019-12-15 18:09:55',300),
(19,143,7,'2020-11-27 03:24:59',359),
(20,4,2,'2021-02-17 17:25:09',341),
(20,5,12,'2020-03-16 20:38:20',445),
(20,6,9,'2021-04-13 04:21:49',517),
(20,7,6,'2020-01-18 15:09:08',565),
(20,8,3,'2020-11-04 19:21:36',415),
(20,9,13,'2022-02-07 18:14:05',414),
(20,20,7,'2020-06-06 20:58:17',525),
(20,21,4,'2021-10-18 17:51:38',351),
(20,22,1,'2019-12-30 15:12:05',343),
(20,23,11,'2022-04-28 13:24:10',341),
(20,24,8,'2022-11-27 23:23:02',513),
(20,25,5,'2021-03-27 18:07:29',575),
(20,26,2,'2022-01-25 01:09:11',549),
(20,37,9,'2021-08-16 17:12:00',306),
(20,40,6,'2022-07-19 08:37:08',394),
(20,41,3,'2022-09-04 15:11:38',560),
(20,46,13,'2020-10-21 18:26:57',476),
(20,47,10,'2022-03-04 00:49:29',413),
(20,48,7,'2021-08-10 12:43:35',401),
(20,59,1,'2022-03-30 18:54:33',510),
(20,60,11,'2021-10-05 20:19:49',561),
(20,61,8,'2020-03-19 23:09:40',444),
(20,62,5,'2020-05-06 11:22:06',480),
(20,63,2,'2021-05-22 15:26:24',591),
(20,64,12,'2021-02-19 00:52:05',504),
(20,65,9,'2022-11-14 10:37:00',545),
(20,76,3,'2020-11-29 11:04:27',595),
(20,77,13,'2021-03-25 19:38:28',480),
(20,78,10,'2020-10-13 13:29:46',387),
(20,79,7,'2021-01-24 15:06:15',470),
(20,80,4,'2021-01-20 22:42:04',524),
(20,81,1,'2020-07-13 19:53:51',500),
(20,92,8,'2020-03-02 02:45:35',361),
(20,93,5,'2022-11-22 06:58:51',417),
(20,94,2,'2021-01-19 03:25:23',469),
(20,95,12,'2021-02-28 18:06:02',475),
(20,96,9,'2020-11-22 18:47:14',558),
(20,97,6,'2022-08-10 14:21:27',454),
(20,98,3,'2022-08-12 15:42:51',500),
(20,139,10,'2020-12-22 16:38:56',357),
(20,140,7,'2020-10-03 09:48:00',400),
(20,141,4,'2020-06-30 06:58:58',510),
(20,142,1,'2020-02-21 23:15:54',450),
(20,143,11,'2021-10-18 19:43:38',336),
(20,144,8,'2020-03-28 15:44:27',329),
(21,5,3,'2021-09-21 13:46:02',462),
(21,6,13,'2020-04-26 13:52:17',540),
(21,7,10,'2021-01-04 15:34:55',313),
(21,8,7,'2020-11-30 12:44:01',422),
(21,9,4,'2021-08-11 21:43:17',317),
(21,10,1,'2022-01-10 01:38:21',383),
(21,21,8,'2022-03-26 21:33:06',505),
(21,22,5,'2022-04-27 03:09:51',375),
(21,23,2,'2022-02-18 01:47:27',313),
(21,24,12,'2021-11-14 03:39:40',460),
(21,25,9,'2021-07-14 20:27:55',511),
(21,26,6,'2020-08-13 15:08:59',374),
(21,27,3,'2022-01-18 16:15:11',526),
(21,40,10,'2022-08-12 15:24:47',429),
(21,41,7,'2021-09-16 20:37:53',526),
(21,46,4,'2021-10-02 22:33:18',578),
(21,47,1,'2020-03-07 18:40:36',585),
(21,48,11,'2020-09-11 23:24:12',488),
(21,49,8,'2020-11-04 14:54:49',597),
(21,60,2,'2022-11-25 10:18:12',347),
(21,61,12,'2020-09-07 08:35:52',591),
(21,62,9,'2020-06-20 19:01:05',449),
(21,63,6,'2020-01-09 02:31:21',545),
(21,64,3,'2020-08-24 18:31:38',597),
(21,65,13,'2021-06-29 13:29:25',410),
(21,66,10,'2021-04-22 10:42:36',556),
(21,77,4,'2021-08-28 08:02:16',512),
(21,78,1,'2020-04-16 20:43:19',398),
(21,79,11,'2020-01-21 08:14:20',358),
(21,80,8,'2020-09-14 15:09:12',324),
(21,81,5,'2021-09-13 04:48:24',499),
(21,82,2,'2022-01-03 01:48:39',462),
(21,93,9,'2022-09-28 02:25:56',533),
(21,94,6,'2022-02-03 20:47:25',592),
(21,95,3,'2021-06-07 03:50:37',394),
(21,96,13,'2020-07-04 11:08:23',571),
(21,97,10,'2020-04-14 15:30:09',562),
(21,98,7,'2022-03-25 11:29:16',533),
(21,99,4,'2021-09-08 16:57:12',356),
(21,140,11,'2022-12-05 08:08:31',394),
(21,141,8,'2022-08-19 01:34:03',318),
(21,142,5,'2020-01-10 15:34:50',454),
(21,143,2,'2022-02-06 17:28:45',412),
(21,144,12,'2020-12-25 04:07:10',345),
(21,145,9,'2022-08-07 21:01:58',507),
(22,6,4,'2020-01-06 20:05:06',376),
(22,7,1,'2020-11-21 23:06:34',389),
(22,8,11,'2020-12-16 17:23:18',583),
(22,9,8,'2020-09-29 20:37:26',571),
(22,10,5,'2022-09-08 00:49:50',512),
(22,11,2,'2021-12-25 17:08:29',304),
(22,22,9,'2020-02-25 12:57:53',388),
(22,23,6,'2021-08-29 09:01:24',421),
(22,24,3,'2020-11-26 10:15:10',496),
(22,25,13,'2021-04-04 14:56:57',598),
(22,26,10,'2021-01-08 04:58:53',418),
(22,27,7,'2020-01-05 16:13:33',449),
(22,28,4,'2020-09-03 20:28:41',412),
(22,41,11,'2020-05-10 15:13:05',319),
(22,46,8,'2021-11-18 13:34:49',516),
(22,47,5,'2021-07-26 12:12:40',435),
(22,48,2,'2020-03-23 20:57:40',519),
(22,49,12,'2021-04-29 00:06:49',474),
(22,50,9,'2021-12-06 21:24:08',472),
(22,61,3,'2020-08-12 12:27:02',457),
(22,62,13,'2021-05-15 11:42:36',469),
(22,63,10,'2021-06-06 14:31:08',540),
(22,64,7,'2021-06-19 12:01:28',417),
(22,65,4,'2022-07-24 23:41:33',486),
(22,66,1,'2020-11-06 07:55:49',571),
(22,67,11,'2022-01-27 01:46:52',496),
(22,78,5,'2021-05-17 11:44:51',535),
(22,79,2,'2020-12-12 09:14:07',435),
(22,80,12,'2022-05-02 04:17:18',544),
(22,81,9,'2021-04-30 10:44:44',555),
(22,82,6,'2022-11-20 20:27:12',516),
(22,83,3,'2022-08-11 07:35:43',450),
(22,94,10,'2022-06-05 08:26:01',373),
(22,95,7,'2021-12-27 22:50:19',479),
(22,96,4,'2021-12-02 07:18:34',577),
(22,97,1,'2021-02-22 01:49:05',447),
(22,98,11,'2022-02-12 18:10:49',325),
(22,99,8,'2022-06-26 20:43:00',447),
(22,100,5,'2022-11-18 14:33:49',597),
(22,141,12,'2020-05-11 20:21:27',556),
(22,142,9,'2022-04-15 04:10:13',488),
(22,143,6,'2020-07-19 01:04:37',501),
(22,144,3,'2021-12-24 05:40:56',573),
(22,145,13,'2021-07-01 15:54:21',548),
(22,146,10,'2021-11-24 04:38:33',432),
(23,7,5,'2022-11-25 18:11:39',487),
(23,8,2,'2020-01-25 15:09:08',331),
(23,9,12,'2022-03-04 06:28:55',552),
(23,10,9,'2022-01-13 05:41:54',504),
(23,11,6,'2021-03-23 10:30:10',586),
(23,12,3,'2020-04-01 07:19:07',399),
(23,23,10,'2022-09-09 03:48:53',468),
(23,24,7,'2022-02-04 01:12:28',510),
(23,25,4,'2022-05-15 16:18:46',471),
(23,26,1,'2021-07-12 00:10:37',522),
(23,27,11,'2022-02-21 21:31:42',517),
(23,28,8,'2020-06-08 02:02:45',335),
(23,29,5,'2022-03-27 06:09:57',485),
(23,46,12,'2020-07-17 10:30:37',512),
(23,47,9,'2020-07-04 13:27:01',344),
(23,48,6,'2022-04-16 15:35:42',339),
(23,49,3,'2022-03-05 20:48:17',374),
(23,50,13,'2020-01-16 06:15:51',452),
(23,51,10,'2021-03-22 21:53:31',463),
(23,62,4,'2021-01-27 14:54:22',554),
(23,63,1,'2021-01-18 18:05:46',493),
(23,64,11,'2020-01-09 15:04:59',477),
(23,65,8,'2022-06-10 15:41:38',437),
(23,66,5,'2022-07-21 00:03:26',404),
(23,67,2,'2021-02-08 06:08:37',321),
(23,68,12,'2020-08-24 02:07:05',576),
(23,79,6,'2022-09-24 14:28:37',302),
(23,80,3,'2022-07-17 20:43:27',404),
(23,81,13,'2020-02-17 10:25:26',484),
(23,82,10,'2021-12-04 04:26:59',403),
(23,83,7,'2021-01-21 05:52:29',421),
(23,84,4,'2022-11-25 00:06:42',465),
(23,95,11,'2021-02-09 01:27:22',389),
(23,96,8,'2020-02-23 03:42:33',411),
(23,97,5,'2022-05-29 13:10:52',589),
(23,98,2,'2022-02-11 23:45:58',487),
(23,99,12,'2021-07-30 09:34:20',300),
(23,100,9,'2021-03-16 15:23:15',387),
(23,101,6,'2022-09-27 15:29:49',433),
(23,142,13,'2022-08-14 20:48:52',346),
(23,143,10,'2021-12-04 11:23:27',545),
(23,144,7,'2020-01-08 13:00:25',515),
(23,145,4,'2020-05-21 03:00:06',395),
(23,146,1,'2021-06-16 09:10:42',462),
(23,147,11,'2019-12-31 06:09:09',485),
(24,8,6,'2020-11-06 04:54:42',550),
(24,9,3,'2022-01-14 05:41:27',480),
(24,10,13,'2021-07-24 21:28:32',453),
(24,11,10,'2021-08-16 16:27:20',313),
(24,12,7,'2022-09-19 10:18:42',328),
(24,13,4,'2022-01-11 22:15:19',470),
(24,24,11,'2021-09-22 11:09:11',506),
(24,25,8,'2020-07-30 22:09:51',434),
(24,26,5,'2022-03-07 05:35:19',552),
(24,27,2,'2022-08-09 17:26:01',414),
(24,28,12,'2020-10-10 17:28:44',518),
(24,29,9,'2022-03-13 03:36:40',436),
(24,30,6,'2021-02-11 21:58:13',583),
(24,47,13,'2021-04-28 09:29:45',587),
(24,48,10,'2021-04-11 03:51:04',482),
(24,49,7,'2022-05-10 10:01:21',468),
(24,50,4,'2020-03-02 03:36:39',422),
(24,51,1,'2022-05-15 00:10:10',479),
(24,52,11,'2022-04-06 04:19:05',494),
(24,63,5,'2021-03-01 00:23:11',548),
(24,64,2,'2021-12-14 14:11:25',402),
(24,65,12,'2020-11-14 19:36:38',442),
(24,66,9,'2020-02-10 04:28:46',347),
(24,67,6,'2020-10-27 02:19:50',408),
(24,68,3,'2022-07-25 06:07:09',388),
(24,69,13,'2021-07-19 18:00:02',409),
(24,80,7,'2020-11-11 06:37:21',510),
(24,81,4,'2021-11-06 05:10:38',490),
(24,82,1,'2022-07-03 00:23:49',528),
(24,83,11,'2020-11-11 00:11:46',398),
(24,84,8,'2021-01-10 04:35:23',349),
(24,85,5,'2019-12-19 14:49:49',438),
(24,96,12,'2020-03-07 14:01:37',550),
(24,97,9,'2021-03-20 10:43:54',587),
(24,98,6,'2022-10-28 16:31:12',362),
(24,99,3,'2021-07-22 05:15:23',351),
(24,100,13,'2021-07-06 15:05:38',582),
(24,101,10,'2020-02-21 03:54:32',459),
(24,102,7,'2020-05-15 18:30:58',405),
(24,143,1,'2020-04-07 00:43:27',532),
(24,144,11,'2022-05-21 06:53:12',455),
(24,145,8,'2022-03-08 03:07:11',360),
(24,146,5,'2022-02-06 02:52:58',337),
(24,147,2,'2021-01-18 04:50:45',588),
(24,148,12,'2020-09-23 19:01:08',316),
(25,9,7,'2020-05-06 02:32:49',392),
(25,10,4,'2021-02-21 12:32:30',439),
(25,11,1,'2022-03-05 13:58:18',311),
(25,12,11,'2020-06-23 11:11:03',460),
(25,13,8,'2021-05-12 03:48:44',390),
(25,14,5,'2021-11-16 05:48:07',514),
(25,25,12,'2020-02-15 19:03:04',398),
(25,26,9,'2020-12-30 01:06:09',477),
(25,27,6,'2021-04-02 07:05:51',407),
(25,28,3,'2021-09-13 10:38:29',473),
(25,29,13,'2022-11-16 11:51:33',416),
(25,30,10,'2020-01-03 20:07:52',514),
(25,31,7,'2021-01-20 23:34:00',524),
(25,48,1,'2021-04-02 13:21:15',511),
(25,49,11,'2022-04-16 21:24:33',333),
(25,50,8,'2022-04-23 10:32:52',329),
(25,51,5,'2020-09-15 08:41:03',322),
(25,52,2,'2020-03-15 17:13:55',580),
(25,53,12,'2022-03-07 00:25:29',526),
(25,64,6,'2021-07-19 09:18:09',328),
(25,65,3,'2022-01-24 18:22:17',387),
(25,66,13,'2020-10-21 09:38:18',513),
(25,67,10,'2021-03-30 08:20:36',436),
(25,68,7,'2020-01-10 03:36:55',539),
(25,69,4,'2020-04-29 07:24:33',363),
(25,70,1,'2022-03-18 15:18:10',480),
(25,81,8,'2020-03-24 13:57:02',539),
(25,82,5,'2022-10-10 15:52:42',447),
(25,83,2,'2020-08-31 08:13:08',425),
(25,84,12,'2022-10-01 08:00:58',348),
(25,85,9,'2020-03-06 03:48:58',401),
(25,86,6,'2022-05-13 16:41:29',577),
(25,97,13,'2022-02-24 23:03:42',337),
(25,98,10,'2020-02-12 23:51:41',495),
(25,99,7,'2021-01-08 02:12:33',444),
(25,100,4,'2021-05-30 10:17:22',561),
(25,101,1,'2021-07-26 19:06:00',511),
(25,102,11,'2022-04-13 12:20:01',324),
(25,103,8,'2021-06-29 06:13:33',310),
(25,144,2,'2021-02-08 05:29:57',352),
(25,145,12,'2020-06-28 13:17:47',431),
(25,146,9,'2021-11-22 04:42:16',598),
(25,147,6,'2020-12-07 08:06:03',489),
(25,148,3,'2022-03-19 17:56:24',546),
(25,149,13,'2020-05-04 03:46:07',572),
(26,10,8,'2021-07-15 22:07:41',550),
(26,11,5,'2021-11-17 02:41:14',364),
(26,12,2,'2022-04-15 00:04:51',383),
(26,13,12,'2022-02-26 05:03:20',370),
(26,14,9,'2020-07-25 04:56:06',395),
(26,15,6,'2022-11-06 08:03:17',588),
(26,26,13,'2021-05-16 00:47:55',419),
(26,27,10,'2022-01-28 06:38:51',386),
(26,28,7,'2021-06-10 09:40:53',377),
(26,29,4,'2022-01-13 06:16:08',498),
(26,30,1,'2021-03-06 19:46:57',484),
(26,31,11,'2020-04-23 05:40:19',323),
(26,32,8,'2022-09-05 12:35:25',498),
(26,49,2,'2022-05-13 07:47:35',487),
(26,50,12,'2021-07-20 09:03:39',489),
(26,51,9,'2022-06-10 09:23:02',534),
(26,52,6,'2022-10-03 19:32:51',404),
(26,53,3,'2021-11-20 18:08:49',345),
(26,54,13,'2021-01-29 13:08:48',362),
(26,65,7,'2020-09-12 14:29:14',494),
(26,66,4,'2021-03-25 22:32:09',397),
(26,67,1,'2020-09-27 17:50:09',591),
(26,68,11,'2022-11-07 17:13:30',566),
(26,69,8,'2020-12-13 15:10:20',562),
(26,70,5,'2021-09-09 19:23:19',315),
(26,71,2,'2020-10-31 04:16:42',302),
(26,82,9,'2021-01-03 21:21:13',341),
(26,83,6,'2020-08-15 09:33:51',426),
(26,84,3,'2021-05-09 04:38:07',372),
(26,85,13,'2021-04-13 20:23:12',476),
(26,86,10,'2021-03-09 05:40:15',449),
(26,87,7,'2020-10-20 00:06:33',493),
(26,98,1,'2022-03-12 11:05:28',335),
(26,99,11,'2020-03-23 22:52:19',564),
(26,100,8,'2020-08-04 20:37:10',580),
(26,101,5,'2020-11-15 11:54:27',397),
(26,102,2,'2022-04-19 17:51:41',342),
(26,103,12,'2022-02-10 11:32:44',349),
(26,104,9,'2022-10-03 14:02:20',577),
(26,145,3,'2021-05-26 14:41:31',324),
(26,146,13,'2020-12-05 08:06:26',465),
(26,147,10,'2022-08-12 06:23:36',449),
(26,148,7,'2021-02-22 04:22:53',599),
(26,149,4,'2021-10-09 15:02:13',471),
(26,150,1,'2020-05-07 08:44:36',565),
(27,11,9,'2020-05-18 02:26:27',579),
(27,12,6,'2021-05-04 03:31:12',325),
(27,13,3,'2022-05-11 17:02:51',482),
(27,14,13,'2021-06-13 10:05:34',423),
(27,15,10,'2020-06-25 06:02:24',444),
(27,16,7,'2022-03-03 01:58:59',407),
(27,27,1,'2020-03-01 21:50:17',356),
(27,28,11,'2022-04-26 05:55:35',533),
(27,29,8,'2022-08-09 15:13:13',363),
(27,30,5,'2021-10-16 20:31:21',379),
(27,31,2,'2020-11-11 08:21:04',326),
(27,32,12,'2020-04-30 07:32:23',477),
(27,33,9,'2021-02-05 13:13:18',559),
(27,50,3,'2021-03-25 16:41:16',585),
(27,51,13,'2021-12-18 13:28:05',371),
(27,52,10,'2020-12-30 10:31:15',464),
(27,53,7,'2021-10-13 22:02:13',445),
(27,54,4,'2022-06-04 16:46:00',446),
(27,55,1,'2021-07-22 06:10:49',560),
(27,66,8,'2020-05-10 15:03:36',597),
(27,67,5,'2022-07-21 21:52:58',542),
(27,68,2,'2020-12-20 20:19:45',523),
(27,69,12,'2022-04-13 12:40:19',509),
(27,70,9,'2020-09-06 22:44:22',342),
(27,71,6,'2021-11-24 23:01:12',378),
(27,72,3,'2021-03-10 02:39:17',585),
(27,83,10,'2021-10-05 14:29:56',524),
(27,84,7,'2020-11-25 12:49:52',403),
(27,85,4,'2022-02-13 06:07:40',397),
(27,86,1,'2022-08-02 11:03:33',487),
(27,87,11,'2022-05-05 02:46:21',362),
(27,88,8,'2022-08-01 15:39:45',359),
(27,99,2,'2022-10-12 20:10:04',544),
(27,100,12,'2020-10-23 08:51:01',467),
(27,101,9,'2021-09-30 06:47:33',567),
(27,102,6,'2022-08-29 02:41:27',510),
(27,103,3,'2022-05-09 18:43:47',600),
(27,104,13,'2020-05-07 11:26:41',384),
(27,105,10,'2022-06-02 00:35:46',402),
(27,146,4,'2020-05-03 10:52:59',388),
(27,147,1,'2022-06-25 11:48:07',563),
(27,148,11,'2020-01-13 15:01:17',533),
(27,149,8,'2022-05-27 11:24:19',336),
(27,150,5,'2022-09-24 16:43:43',519),
(27,151,2,'2021-01-29 08:50:00',487),
(28,1,3,'2020-01-08 05:11:59',568),
(28,12,10,'2021-07-04 14:35:03',472),
(28,13,7,'2021-06-11 10:36:47',386),
(28,14,4,'2020-03-24 05:25:22',363),
(28,15,1,'2021-05-04 18:32:41',345),
(28,16,11,'2021-08-06 15:24:28',581),
(28,17,8,'2022-02-10 02:50:11',403),
(28,28,2,'2020-03-29 22:47:51',332),
(28,29,12,'2020-04-29 23:17:49',533),
(28,30,9,'2020-12-07 16:38:36',474),
(28,31,6,'2021-01-19 20:55:12',546),
(28,32,3,'2021-02-14 06:12:16',396),
(28,33,13,'2022-11-25 07:08:27',392),
(28,34,10,'2022-08-29 15:35:53',455),
(28,51,4,'2020-10-02 01:02:59',590),
(28,52,1,'2021-05-31 02:29:08',421),
(28,53,11,'2022-08-14 09:50:51',437),
(28,54,8,'2020-03-26 23:36:44',553),
(28,55,5,'2022-06-01 08:09:27',588),
(28,56,2,'2021-12-06 12:06:55',353),
(28,67,9,'2020-08-27 01:17:12',361),
(28,68,6,'2021-06-13 22:19:17',337),
(28,69,3,'2020-08-02 06:57:14',475),
(28,70,13,'2020-03-22 04:12:38',546),
(28,71,10,'2022-06-07 16:47:57',581),
(28,72,7,'2022-05-19 09:44:47',585),
(28,73,4,'2020-10-23 05:06:06',329),
(28,84,11,'2022-04-29 06:13:03',564),
(28,85,8,'2021-04-09 07:01:15',335),
(28,86,5,'2021-06-18 03:02:08',375),
(28,87,2,'2022-03-13 08:42:21',371),
(28,88,12,'2021-02-25 04:53:56',422),
(28,89,9,'2020-12-07 16:09:52',550),
(28,100,3,'2020-12-16 16:12:42',546),
(28,101,13,'2021-12-20 10:22:45',300),
(28,102,10,'2020-02-24 03:17:24',500),
(28,103,7,'2021-02-24 20:32:13',555),
(28,104,4,'2020-12-12 20:49:03',518),
(28,105,1,'2020-09-27 02:34:32',361),
(28,106,11,'2020-03-09 21:27:13',587),
(28,147,5,'2021-07-02 17:30:44',519),
(28,148,2,'2020-08-31 00:04:26',479),
(28,149,12,'2020-11-03 20:46:08',384),
(28,150,9,'2020-07-01 01:05:32',590),
(28,151,6,'2022-11-12 02:02:49',595),
(29,1,7,'2021-06-08 16:34:25',335),
(29,2,4,'2021-12-13 15:37:03',505),
(29,13,11,'2019-12-25 23:37:17',576),
(29,14,8,'2020-11-17 08:03:55',456),
(29,15,5,'2021-01-16 07:47:18',401),
(29,16,2,'2021-12-01 17:52:18',465),
(29,17,12,'2022-03-27 05:08:41',445),
(29,18,9,'2021-05-13 10:54:02',320),
(29,29,3,'2022-02-16 21:14:07',317),
(29,30,13,'2022-01-05 11:26:55',525),
(29,31,10,'2022-06-06 22:17:09',376),
(29,32,7,'2022-08-24 10:48:15',476),
(29,33,4,'2020-02-04 14:08:02',306),
(29,34,1,'2021-12-22 07:49:32',364),
(29,35,11,'2020-06-01 17:17:35',591),
(29,52,5,'2021-06-07 02:56:31',534),
(29,53,2,'2022-09-16 09:06:42',491),
(29,54,12,'2020-06-26 23:12:29',408),
(29,55,9,'2022-09-28 19:01:01',355),
(29,56,6,'2022-11-22 06:05:47',596),
(29,57,3,'2021-04-24 01:39:57',558),
(29,68,10,'2021-05-06 10:44:41',521),
(29,69,7,'2021-09-04 09:39:30',450),
(29,70,4,'2021-08-18 19:57:37',489),
(29,71,1,'2020-01-02 09:39:59',337),
(29,72,11,'2022-02-11 19:53:42',365),
(29,73,8,'2020-03-25 17:09:26',512),
(29,74,5,'2020-06-06 17:25:48',345),
(29,85,12,'2022-01-08 00:10:26',304),
(29,86,9,'2020-06-06 01:24:44',516),
(29,87,6,'2022-03-23 17:20:35',436),
(29,88,3,'2022-02-04 19:52:30',514),
(29,89,13,'2021-04-08 11:21:11',578),
(29,90,10,'2020-08-17 00:50:18',430),
(29,101,4,'2021-09-08 23:58:34',357),
(29,102,1,'2020-08-07 11:28:25',441),
(29,103,11,'2020-01-31 11:09:24',336),
(29,104,8,'2021-12-01 00:18:19',593),
(29,105,5,'2020-02-13 11:11:38',531),
(29,106,2,'2020-12-30 21:03:45',383),
(29,107,12,'2022-01-23 12:14:16',351),
(29,148,6,'2020-04-02 03:38:10',301),
(29,149,3,'2022-01-26 17:52:27',595),
(29,150,13,'2020-04-28 15:58:06',430),
(29,151,10,'2020-03-08 04:30:03',300),
(30,1,11,'2021-10-24 01:47:02',433),
(30,2,8,'2021-02-23 23:52:34',543),
(30,3,5,'2022-02-15 08:06:44',398),
(30,14,12,'2021-05-11 22:08:10',519),
(30,15,9,'2022-11-24 05:19:05',357),
(30,16,6,'2021-01-18 11:39:28',435),
(30,17,3,'2021-02-20 15:31:55',553),
(30,18,13,'2021-01-01 07:23:59',541),
(30,19,10,'2021-04-29 18:34:31',351),
(30,30,4,'2020-09-10 00:47:27',352),
(30,31,1,'2022-01-24 08:33:02',344),
(30,32,11,'2021-01-19 15:51:28',561),
(30,33,8,'2022-10-05 08:36:48',356),
(30,34,5,'2022-02-20 20:00:58',549),
(30,35,2,'2022-04-02 22:06:59',518),
(30,36,12,'2021-03-18 07:09:33',521),
(30,53,6,'2022-10-16 20:58:01',322),
(30,54,3,'2021-07-23 00:58:22',573),
(30,55,13,'2021-03-08 09:09:06',385),
(30,56,10,'2020-11-22 17:41:55',593),
(30,57,7,'2022-06-15 14:24:35',307),
(30,58,4,'2021-09-06 23:13:48',540),
(30,69,11,'2020-01-28 00:22:25',538),
(30,70,8,'2020-03-07 09:13:17',373),
(30,71,5,'2020-12-24 22:36:29',385),
(30,72,2,'2020-12-05 06:26:02',370),
(30,73,12,'2022-07-07 03:15:59',367),
(30,74,9,'2019-12-31 16:53:52',486),
(30,75,6,'2021-03-13 21:48:12',407),
(30,86,13,'2022-01-29 01:34:36',488),
(30,87,10,'2020-03-30 02:37:51',419),
(30,88,7,'2022-11-30 20:24:10',588),
(30,89,4,'2020-04-12 23:19:57',334),
(30,90,1,'2021-09-04 21:43:49',439),
(30,91,11,'2021-10-12 23:32:03',508),
(30,102,5,'2021-02-15 19:09:55',583),
(30,103,2,'2022-05-17 02:04:43',437),
(30,104,12,'2022-09-25 18:04:24',399),
(30,105,9,'2022-07-15 12:05:25',479),
(30,106,6,'2021-07-31 05:44:46',477),
(30,107,3,'2022-11-30 11:36:16',514),
(30,108,13,'2022-07-29 08:23:24',437),
(30,149,7,'2022-06-26 11:10:37',521),
(30,150,4,'2022-10-31 01:54:26',565),
(30,151,1,'2021-01-04 04:11:10',359),
(31,1,2,'2020-03-05 03:47:17',530),
(31,2,12,'2021-05-06 14:12:37',460),
(31,3,9,'2022-05-24 13:27:25',542),
(31,4,6,'2022-05-02 15:20:14',471),
(31,15,13,'2022-03-10 21:38:58',542),
(31,16,10,'2021-10-20 03:44:55',367),
(31,17,7,'2020-04-10 18:29:09',429),
(31,18,4,'2022-08-13 19:35:51',522),
(31,19,1,'2022-08-13 20:21:03',434),
(31,20,11,'2021-07-27 07:50:30',576),
(31,31,5,'2022-09-24 18:39:37',412),
(31,32,2,'2022-07-05 20:45:27',326),
(31,33,12,'2021-01-28 05:21:40',388),
(31,34,9,'2021-07-21 18:23:33',579),
(31,35,6,'2020-09-06 18:19:00',383),
(31,36,3,'2019-12-13 06:59:51',502),
(31,37,13,'2022-04-10 03:15:03',511),
(31,54,7,'2022-03-23 02:33:40',506),
(31,55,4,'2022-09-08 12:28:13',416),
(31,56,1,'2022-07-25 03:48:49',457),
(31,57,11,'2022-04-29 02:54:04',465),
(31,58,8,'2022-04-26 01:09:09',368),
(31,59,5,'2022-10-01 07:29:34',398),
(31,70,12,'2022-02-01 02:04:51',586),
(31,71,9,'2021-09-25 19:05:18',381),
(31,72,6,'2020-04-27 03:02:54',327),
(31,73,3,'2020-05-22 23:56:12',569),
(31,74,13,'2022-02-06 12:50:26',491),
(31,75,10,'2021-05-05 19:16:40',591),
(31,76,7,'2021-12-07 10:22:47',314),
(31,87,1,'2021-04-21 08:47:06',307),
(31,88,11,'2020-09-15 11:12:50',586),
(31,89,8,'2020-09-29 05:57:54',424),
(31,90,5,'2021-02-27 10:59:30',584),
(31,91,2,'2021-02-15 04:25:31',599),
(31,92,12,'2022-12-08 04:33:37',569),
(31,103,6,'2021-02-09 05:49:34',453),
(31,104,3,'2020-07-10 19:43:33',488),
(31,105,13,'2021-05-07 10:07:35',434),
(31,106,10,'2021-04-24 15:48:47',326),
(31,107,7,'2021-12-15 06:59:14',575),
(31,108,4,'2020-09-23 11:58:09',363),
(31,139,1,'2020-10-24 04:50:43',512),
(31,150,8,'2022-06-02 03:36:03',344),
(31,151,5,'2022-08-12 20:06:40',318),
(32,1,6,'2022-08-11 10:44:22',350),
(32,2,3,'2021-01-03 17:54:48',448),
(32,3,13,'2022-04-22 21:16:06',501),
(32,4,10,'2021-05-18 16:11:58',395),
(32,5,7,'2020-09-23 07:43:24',560),
(32,16,1,'2020-05-12 21:10:01',544),
(32,17,11,'2022-11-01 07:08:30',368),
(32,18,8,'2020-04-15 14:04:41',431),
(32,19,5,'2022-05-13 03:45:53',301),
(32,20,2,'2021-09-12 07:46:55',312),
(32,21,12,'2021-09-06 03:43:53',555),
(32,32,6,'2020-11-26 13:50:51',441),
(32,33,3,'2021-07-11 01:30:07',383),
(32,34,13,'2020-11-29 11:21:34',326),
(32,35,10,'2020-07-19 01:59:09',545),
(32,36,7,'2022-04-22 01:37:25',419),
(32,37,4,'2022-07-16 21:55:48',455),
(32,40,1,'2021-05-03 22:55:23',411),
(32,55,8,'2021-03-04 15:08:44',387),
(32,56,5,'2021-05-11 08:49:01',585),
(32,57,2,'2020-09-10 12:19:11',333),
(32,58,12,'2022-11-24 08:11:16',337),
(32,59,9,'2022-08-11 23:32:24',589),
(32,60,6,'2022-08-24 10:47:03',418),
(32,71,13,'2021-07-18 01:21:46',378),
(32,72,10,'2020-06-02 16:07:52',350),
(32,73,7,'2020-02-09 09:13:41',459),
(32,74,4,'2020-06-27 13:12:42',550),
(32,75,1,'2020-12-06 01:12:55',382),
(32,76,11,'2021-09-01 13:56:46',307),
(32,77,8,'2021-02-04 07:08:21',540),
(32,88,2,'2021-06-01 04:10:08',307),
(32,89,12,'2021-10-18 08:40:39',303),
(32,90,9,'2020-01-12 20:27:40',600),
(32,91,6,'2021-09-28 11:37:06',494),
(32,92,3,'2022-11-10 16:55:27',315),
(32,93,13,'2022-04-13 09:20:19',394),
(32,104,7,'2021-02-14 20:24:18',368),
(32,105,4,'2022-03-28 03:35:55',372),
(32,106,1,'2022-07-08 15:32:11',483),
(32,107,11,'2020-11-15 16:16:30',395),
(32,108,8,'2022-06-20 00:57:50',405),
(32,139,5,'2022-08-05 11:08:34',387),
(32,140,2,'2020-01-26 22:24:46',468),
(32,151,9,'2022-10-19 19:20:39',445),
(33,1,10,'2022-10-30 16:28:19',396),
(33,2,7,'2020-02-13 15:55:19',326),
(33,3,4,'2021-01-20 22:25:11',300),
(33,4,1,'2022-11-07 04:53:47',536),
(33,5,11,'2020-03-26 10:41:31',512),
(33,6,8,'2020-03-16 21:08:30',371),
(33,17,2,'2020-08-09 21:48:36',341),
(33,18,12,'2021-05-20 12:59:26',592),
(33,19,9,'2021-10-15 15:57:05',499),
(33,20,6,'2020-08-23 11:05:15',339),
(33,21,3,'2022-09-22 17:40:46',422),
(33,22,13,'2022-02-09 04:47:44',480),
(33,33,7,'2020-05-30 09:55:45',504),
(33,34,4,'2021-05-06 09:38:32',387),
(33,35,1,'2020-10-08 13:08:09',405),
(33,36,11,'2021-04-16 11:35:36',320),
(33,37,8,'2021-03-09 22:05:49',454),
(33,40,5,'2021-10-22 21:02:14',331),
(33,41,2,'2021-10-26 12:26:16',379),
(33,56,9,'2021-03-30 20:29:42',567),
(33,57,6,'2021-10-20 18:28:14',388),
(33,58,3,'2020-03-16 08:09:31',441),
(33,59,13,'2020-03-01 02:28:10',385),
(33,60,10,'2022-03-05 00:32:37',309),
(33,61,7,'2021-04-20 04:14:48',405),
(33,72,1,'2020-11-23 08:56:36',380),
(33,73,11,'2021-12-04 12:22:23',574),
(33,74,8,'2021-04-10 05:14:16',397),
(33,75,5,'2022-05-25 06:31:12',300),
(33,76,2,'2022-10-04 04:04:47',496),
(33,77,12,'2021-03-20 08:52:22',434),
(33,78,9,'2021-07-02 10:37:27',595),
(33,89,3,'2021-10-03 00:57:59',326),
(33,90,13,'2022-04-21 18:57:13',351),
(33,91,10,'2022-01-27 22:25:42',439),
(33,92,7,'2022-08-21 02:57:43',543),
(33,93,4,'2019-12-28 05:41:05',374),
(33,94,1,'2021-05-08 16:14:56',408),
(33,105,8,'2020-07-21 09:43:24',474),
(33,106,5,'2021-11-14 18:39:07',418),
(33,107,2,'2022-07-12 17:39:09',337),
(33,108,12,'2022-11-22 13:28:07',460),
(33,139,9,'2022-09-29 18:07:36',454),
(33,140,6,'2020-08-26 18:58:07',416),
(33,141,3,'2022-12-07 10:36:25',538);

# Insert new order.
# order code been generated to random barcode 13 digits
# order status set to `Pending`
TRUNCATE `orders`;
INSERT INTO `orders` (id, customer_id, store_id, code, time, description, payment_method, type, employee_id, created_at) VALUES
(1,1,1,'5823329090447','2022-06-22 01:05:52','Earum aut asperiores in dolorem impedit non natus.','Net Banking','Online',1,'2020-09-20 03:59:35'),
(2,2,2,'2042234991905','2021-03-13 15:09:49','Placeat ea rerum ut id quia. Et esse et voluptas et tempore mollitia pariatur.','Cash','Store',2,'2020-07-01 11:15:17'),
(3,3,3,'1649548914647','2021-12-28 18:23:12','Magni voluptatem sed mollitia voluptates.','Cash','Online',3,'2020-05-03 12:25:10'),
(4,4,4,'1022523421048','2022-05-14 22:35:22','Et aut qui perferendis eaque suscipit dignissimos. Voluptatem libero vero cupiditate voluptatem libero vero voluptatibus.','Net Banking','Online',4,'2020-10-31 04:47:45'),
(5,5,5,'3809756110103','2022-06-08 13:48:17','Ipsa itaque et aut dolorem. Qui ipsum repellat assumenda suscipit laudantium exercitationem et.','Credit Card','Store',5,'2022-07-28 04:35:40'),
(6,6,6,'0643215840292','2019-12-14 13:29:55','Delectus et ex labore aut hic ipsam ad. Omnis dicta at et non consequatur voluptatem atque.','Cash','Online',6,'2021-04-20 16:01:27'),
(7,7,7,'4241431870107','2020-09-15 07:08:24','Quis voluptatem enim culpa eum delectus alias.','Cash','Store',7,'2021-04-17 09:06:34'),
(8,8,8,'3563271107474','2021-04-27 01:04:50','Quisquam similique magnam aperiam inventore omnis exercitationem.','Net Banking','Store',8,'2022-11-05 04:29:38'),
(9,9,9,'0350162862481','2020-09-12 14:13:27','In et veritatis vel ut illum blanditiis. Fugiat qui ad consequatur dignissimos iste deserunt nemo.','Cash','Online',9,'2020-06-18 11:11:36'),
(10,10,10,'5194042182758','2020-06-09 21:03:39','Quis praesentium facilis libero dolores aspernatur modi.','Debit Card','Store',10,'2020-03-10 09:48:15'),
(11,11,11,'8365086016362','2021-03-04 10:20:14','Sed corporis qui est aut beatae dolorem. Vero commodi laudantium ut sint.','Debit Card','Store',11,'2020-06-22 05:27:10'),
(12,12,12,'9270124362396','2020-04-01 13:11:38','Culpa dicta amet modi dolores cumque molestiae adipisci. Voluptate dignissimos nam non.','Cash','Online',12,'2020-01-29 13:43:13'),
(13,13,13,'2960664532638','2022-10-07 14:33:06','Id perferendis facere facere temporibus consequatur nobis. Aliquid ut et voluptate sed sunt et.','Net Banking','Store',13,'2022-05-19 15:10:47'),
(14,14,1,'8469169254983','2021-05-20 06:26:17','Rerum placeat voluptatibus accusamus vel. Cumque at deleniti aut quam.','Net Banking','Online',14,'2021-08-29 17:47:07'),
(15,15,2,'9749862973718','2022-06-12 06:27:13','Est aut omnis a cumque quo. Illo inventore sit quam saepe soluta saepe consequatur.','Net Banking','Store',15,'2020-01-22 19:54:35'),
(16,16,3,'5576072859204','2021-11-13 14:36:32','Quia vero ut rerum ducimus sit quibusdam.','Debit Card','Online',16,'2020-12-27 04:43:51'),
(17,17,4,'3820087378109','2021-11-10 15:49:50','Quae veniam atque mollitia ducimus possimus.','Debit Card','Online',17,'2022-07-31 06:36:35'),
(18,18,5,'8900583498152','2022-05-22 06:16:30','Aperiam tempora nulla tenetur consequatur.','Credit Card','Store',18,'2020-06-08 07:20:15'),
(19,19,6,'3796228802720','2022-02-14 16:00:26','Consequatur sunt commodi enim aspernatur. Fugiat beatae molestias quia.','Cash','Online',19,'2021-07-11 14:09:27'),
(20,20,7,'7895396776089','2020-11-23 15:43:38','Dolores deleniti autem officiis dicta eveniet mollitia blanditiis.','Credit Card','Online',1,'2021-11-03 19:22:38'),
(21,21,8,'4478135065144','2020-05-13 02:15:55','Possimus dolore dolorum nostrum ducimus. Neque autem mollitia temporibus provident sequi.','Debit Card','Online',2,'2020-05-25 09:16:52'),
(22,22,9,'3715344052505','2022-09-21 18:33:32','Quia dolores velit placeat qui impedit.','Cash','Online',3,'2022-11-27 01:49:30'),
(23,23,10,'1803877766999','2020-12-30 10:02:26','Iusto ipsum quia reiciendis quae officiis ipsam at. Aut vero sit qui rerum animi ratione rem.','Debit Card','Online',4,'2021-03-17 08:53:50'),
(24,24,11,'6957003092867','2020-03-23 04:57:46','Ab dolores qui eaque quis.','Credit Card','Online',5,'2022-04-06 07:48:22'),
(25,25,12,'1069941275310','2020-04-15 08:09:24','Provident occaecati nihil quis cumque et. Dolores molestias est quae perspiciatis vel corporis et placeat.','Cash','Online',6,'2021-05-02 19:12:03'),
(26,26,13,'8489362591081','2022-11-04 02:32:21','Quae rerum fuga accusamus magnam omnis ipsam non.','Cash','Online',7,'2021-09-16 03:07:19'),
(27,27,1,'6117999782832','2022-11-06 12:50:46','Voluptates iste id corrupti doloribus sit.','Credit Card','Store',8,'2021-07-04 00:37:29'),
(28,28,2,'0179111370897','2020-11-05 08:28:32','Non et sed et placeat accusamus ea qui facilis.','Credit Card','Online',9,'2020-08-01 05:47:57'),
(29,29,3,'6784174707203','2021-01-07 02:46:39','Dolor et consequatur itaque explicabo amet.','Net Banking','Store',10,'2022-11-16 19:14:05'),
(30,30,4,'9917037054849','2021-09-16 10:12:28','Alias iste voluptates dolorum in. Illo explicabo sapiente ut enim accusantium voluptas qui aperiam.','Cash','Store',11,'2020-11-10 08:57:50'),
(31,31,5,'8096355972446','2021-04-15 20:11:03','Omnis assumenda totam hic dolor autem.','Credit Card','Online',12,'2020-06-11 04:40:02'),
(32,32,6,'6281158494376','2020-11-01 19:21:10','Ut est ipsum aut dolorem qui ut.','Debit Card','Online',13,'2021-05-05 18:22:33'),
(33,33,7,'2255470275542','2022-03-08 23:09:43','Ipsa libero voluptates a eligendi tenetur.','Credit Card','Store',14,'2020-09-20 11:29:30'),
(34,34,8,'4398886054948','2021-08-11 14:46:07','Voluptatem illum quos qui voluptatem et dolorum similique. Saepe quos fuga laudantium est nostrum.','Cash','Store',15,'2021-06-19 12:34:06'),
(35,35,9,'1040027293824','2022-01-25 22:05:39','Nam eum possimus natus possimus cupiditate voluptas. Quo quis magni nemo animi.','Cash','Online',16,'2022-02-11 13:15:36'),
(36,36,10,'4197252803674','2020-10-30 18:59:38','Explicabo ipsam impedit rerum qui ut dicta aut. Vitae a rerum est id nulla.','Net Banking','Store',17,'2021-07-03 22:56:54'),
(37,37,11,'6378590838193','2022-04-17 09:21:11','Sed eveniet accusantium odit ut fuga.','Debit Card','Online',18,'2022-04-01 13:53:54'),
(38,38,12,'7467345896485','2020-08-09 08:22:32','Recusandae illum exercitationem voluptates.','Credit Card','Store',19,'2020-09-11 01:38:54'),
(39,39,13,'3413372143263','2020-02-23 16:13:41','Cumque quasi cumque facilis quia molestias ut. Optio voluptas asperiores nulla.','Debit Card','Store',1,'2021-09-17 20:29:04'),
(40,40,1,'2647420843350','2020-05-15 22:20:12','Eum distinctio aut voluptate error nam accusamus illo.','Net Banking','Online',2,'2021-12-04 14:48:51'),
(41,41,2,'5973537483774','2020-09-24 12:11:50','Cum velit qui ullam porro ut et. Consectetur aspernatur ipsam modi asperiores est quae.','Cash','Online',3,'2021-05-26 17:03:06'),
(42,42,3,'9532694449007','2021-11-03 13:52:26','Nobis ex quos tenetur modi molestiae.','Credit Card','Store',4,'2022-02-12 04:32:13'),
(43,43,4,'9617952312863','2022-01-18 21:16:48','Consequatur quis nulla non cupiditate numquam tenetur. Ut eveniet ad aut et.','Credit Card','Store',5,'2020-04-22 05:20:55'),
(44,44,5,'3704506625312','2021-09-28 14:25:16','Rerum in reiciendis ad sapiente beatae id neque.','Cash','Online',6,'2021-06-10 07:11:23'),
(45,45,6,'9179995023934','2021-02-27 02:24:38','Repudiandae tempore numquam similique eum sed atque.','Cash','Store',7,'2022-06-12 13:46:53'),
(46,46,7,'9328441932386','2020-01-27 16:09:26','Et et dolore voluptatem suscipit vel.','Debit Card','Store',8,'2022-08-12 08:26:40'),
(47,47,8,'4370228108809','2021-07-26 07:33:54','Eos voluptate nisi suscipit rem eveniet iusto voluptatem. Ipsa quia quibusdam ratione soluta.','Credit Card','Store',9,'2021-04-30 21:36:10'),
(48,48,9,'5550808336115','2022-11-01 12:27:41','Occaecati pariatur rerum illum expedita est illo velit.','Cash','Online',10,'2020-12-22 23:54:11'),
(49,49,10,'8129075676933','2022-05-03 09:33:54','Error repellendus minima nisi animi laudantium.','Debit Card','Online',11,'2022-07-15 15:53:49'),
(50,50,11,'4087177431901','2021-03-27 09:21:38','Maxime et voluptatem provident consectetur blanditiis est. Et autem id sed enim voluptatibus et quo.','Debit Card','Store',12,'2020-05-06 05:01:50'),
(51,51,12,'0023730340840','2020-09-29 16:02:44','Nesciunt dolorem laborum temporibus corrupti vitae tenetur dolorem.','Net Banking','Store',13,'2020-03-30 08:26:43'),
(52,52,13,'5405932782775','2022-09-19 11:27:05','Vitae sed corporis eum aut non.','Debit Card','Online',14,'2020-05-11 11:18:55'),
(53,53,1,'4206606016797','2020-11-20 11:27:18','Deserunt non fugiat aperiam quasi nostrum. Nisi sint facere error quae sit ratione.','Debit Card','Store',15,'2020-12-21 10:53:09'),
(54,54,2,'1732843307747','2021-06-29 08:40:31','Et officiis laborum corporis nobis non animi. Fugit facere laboriosam ut aut est et perferendis.','Net Banking','Online',16,'2021-03-14 22:50:20'),
(55,55,3,'3513780146341','2020-06-07 00:18:26','Iure nemo dolor nesciunt.','Debit Card','Store',17,'2022-03-29 12:55:59'),
(56,56,4,'2314268574530','2021-09-05 22:11:23','Aperiam facilis et non voluptatem mollitia voluptatem architecto. Temporibus in libero blanditiis odit quia.','Debit Card','Online',18,'2020-12-07 10:08:05'),
(57,57,5,'1688825813242','2020-03-12 20:32:54','Voluptatibus enim quia dolorem tempore fugit nisi modi. Provident nesciunt aliquam molestias molestiae.','Credit Card','Online',19,'2020-09-21 18:04:42'),
(58,58,6,'9745167422807','2022-03-31 21:52:10','Exercitationem voluptatibus et non qui aut ut. Voluptatum libero iste voluptas dolorem et enim pariatur.','Net Banking','Online',1,'2022-09-02 14:17:57'),
(59,59,7,'3604106099684','2020-04-07 04:45:32','Aut ut accusantium quia ducimus dolor labore velit. Et vero assumenda provident.','Net Banking','Store',2,'2020-01-23 10:45:08'),
(60,60,8,'6075863861550','2021-04-25 02:24:59','Dignissimos enim sed repellendus voluptatibus iusto porro. Eos sint porro tempora est.','Cash','Store',3,'2021-03-25 04:09:28'),
(61,61,9,'0490710670936','2020-05-20 11:11:11','Et accusamus fugit qui pariatur illo omnis.','Credit Card','Store',4,'2022-04-09 23:46:43'),
(62,62,10,'8513216532972','2022-05-03 06:47:43','Culpa doloribus magni et qui saepe adipisci tempore. Et est eos eos aut illum cumque.','Cash','Store',5,'2022-07-31 21:34:07'),
(63,63,11,'5441412712009','2021-04-20 00:09:27','Voluptatem blanditiis facere adipisci repellendus vel.','Cash','Online',6,'2021-03-02 16:40:56'),
(64,64,12,'8411503446752','2022-01-28 20:15:34','Enim quos laborum facilis quo et omnis nihil. Aut ducimus sint sed quia voluptatibus.','Cash','Online',7,'2022-08-06 10:14:01'),
(65,65,13,'9429431278399','2020-02-25 03:42:47','Qui cumque et suscipit nihil praesentium et. Unde quibusdam aut dignissimos et dolorem consequatur.','Cash','Store',8,'2021-06-02 07:32:18'),
(66,66,1,'0189065588637','2020-06-14 18:21:27','Debitis aut rerum esse. Vel eligendi provident modi et numquam.','Credit Card','Store',9,'2020-11-18 15:06:13'),
(67,67,2,'6017053291532','2021-12-04 11:59:00','Nisi sint qui ratione quos ad. Fugiat iste molestiae corporis velit tempore quo.','Net Banking','Online',10,'2021-12-27 02:51:17'),
(68,68,3,'0105996079617','2021-04-28 10:31:36','Qui maxime molestias esse quia nihil est. Magni est aperiam quidem consectetur praesentium.','Debit Card','Store',11,'2020-09-15 14:12:17'),
(69,69,4,'2793483189864','2022-08-17 11:56:26','Eum officia totam magnam excepturi animi magni molestias. Reiciendis ad enim eligendi et repellat corporis.','Credit Card','Store',12,'2022-11-01 05:49:55'),
(70,70,5,'6376019951294','2020-11-05 05:51:06','Iusto quisquam quasi in repudiandae ut quae commodi. Ratione quod adipisci quia temporibus animi expedita architecto dolor.','Net Banking','Store',13,'2020-11-23 12:41:06'),
(71,71,6,'1569438013055','2022-03-16 19:29:20','Libero recusandae magnam ut consectetur sed enim molestias.','Net Banking','Online',14,'2021-09-29 10:28:57'),
(72,72,7,'9152708129307','2020-04-22 12:16:04','Molestias neque nesciunt vel. Libero nemo consequuntur cum quia.','Net Banking','Store',15,'2022-10-15 01:54:27'),
(73,73,8,'4890415328440','2022-12-03 21:30:13','Sapiente doloribus sunt quia rerum voluptatum quisquam iste. Sed dolor dignissimos repellat fugiat quos doloribus.','Net Banking','Store',16,'2022-04-29 13:48:46'),
(74,74,9,'1731208583871','2020-03-30 00:09:16','In aliquam eos id suscipit nulla enim inventore. Cum illum non aut facere et.','Credit Card','Online',17,'2022-03-05 23:32:31'),
(75,75,10,'2823430014601','2020-03-23 20:48:16','Laborum molestiae voluptatem eum hic tenetur. Odit maiores error et ipsa voluptatem.','Net Banking','Store',18,'2020-02-05 07:35:29'),
(76,76,11,'2359469643555','2022-07-09 23:31:03','Distinctio ut incidunt qui ratione consectetur.','Cash','Store',19,'2020-10-23 05:32:02'),
(77,77,12,'5923425827852','2020-03-14 08:42:14','Eos repudiandae placeat iusto vel sit culpa veniam. Ipsam id consectetur ratione vel rerum.','Credit Card','Online',1,'2022-02-07 13:59:43'),
(78,78,13,'1260272837189','2020-08-28 18:49:55','Debitis molestiae non sint qui et qui est.','Credit Card','Store',2,'2021-09-16 23:25:58'),
(79,79,1,'3210798244112','2020-05-20 15:05:21','Enim ipsam aut quia nesciunt pariatur quis est.','Credit Card','Store',3,'2020-09-04 01:50:49'),
(80,80,2,'2276066821967','2021-01-01 05:39:07','Voluptatum ad commodi et omnis. Dignissimos laborum aspernatur laudantium et voluptatem.','Debit Card','Store',4,'2020-06-03 21:19:23'),
(81,81,3,'7834513391927','2020-05-11 20:55:50','Eligendi sit deleniti molestias.','Cash','Store',5,'2020-10-24 14:06:56'),
(82,82,4,'5099703854275','2020-02-28 14:06:46','Minus architecto ad cupiditate assumenda. Molestias corporis est provident quam accusantium.','Net Banking','Online',6,'2022-09-09 10:38:40'),
(83,83,5,'6098661191001','2022-03-22 16:03:30','Minima voluptates ipsa sed. Inventore et nihil aliquid.','Net Banking','Online',7,'2021-02-26 20:11:32'),
(84,84,6,'5905821040905','2020-04-19 10:40:12','Illo veniam temporibus molestiae voluptatibus repudiandae ratione quam impedit.','Debit Card','Online',8,'2020-08-21 05:18:02'),
(85,85,7,'4520183991088','2020-07-16 00:44:01','Quo qui nobis sed eveniet quae totam animi.','Credit Card','Store',9,'2022-11-07 08:46:16'),
(86,86,8,'7399079169330','2020-12-15 04:55:54','Tempore aliquid accusantium minus quod. Aliquid enim voluptate laboriosam modi vitae quas minima eveniet.','Debit Card','Store',10,'2020-11-26 10:31:10'),
(87,87,9,'3660763375370','2020-09-25 23:33:28','Corporis illum asperiores fugit quia quae natus molestiae.','Debit Card','Store',11,'2022-01-15 11:20:35'),
(88,88,10,'0982232794752','2020-10-03 13:27:52','Ea soluta aspernatur ipsum est.','Net Banking','Store',12,'2022-08-11 13:54:42'),
(89,89,11,'2899893038638','2022-01-27 20:09:13','Eligendi facilis aut maiores numquam voluptates quisquam nemo. Sed delectus saepe error et eum veritatis neque.','Debit Card','Store',13,'2020-02-15 16:17:56'),
(90,90,12,'5124070821039','2020-02-02 07:14:49','Perspiciatis consequatur quia ut dolor cum. Aut voluptatibus accusamus est neque cupiditate et tenetur soluta.','Cash','Online',14,'2021-08-12 23:10:14'),
(91,91,13,'0744024149818','2020-05-30 17:43:00','Velit officiis non aliquam ut est.','Credit Card','Online',15,'2021-05-02 15:26:29'),
(92,1,1,'7683145268080','2020-03-06 23:59:35','Et dicta molestiae numquam voluptatem. A sint suscipit iure voluptas soluta qui omnis.','Cash','Online',16,'2020-08-25 19:09:19'),
(93,2,2,'4554672363490','2020-12-12 10:23:16','Architecto asperiores pariatur consequatur cumque recusandae corporis id.','Cash','Online',17,'2021-05-25 20:17:29'),
(94,3,3,'7061162263354','2022-02-24 17:06:44','Qui aut id quis. In enim et necessitatibus delectus quam et.','Net Banking','Online',18,'2021-04-21 06:31:45'),
(95,4,4,'7735138991564','2021-07-22 22:04:51','Et ut nulla molestiae esse asperiores rem.','Credit Card','Online',19,'2021-05-14 14:38:53'),
(96,5,5,'9958713897763','2021-10-08 20:52:37','Eligendi ea quibusdam temporibus ut. Odit fugiat quo ipsa ratione tempore.','Debit Card','Online',1,'2020-12-06 18:49:23'),
(97,6,6,'0031911195349','2021-07-07 01:16:45','Accusantium autem et quia et eveniet.','Net Banking','Store',2,'2022-09-23 20:47:40'),
(98,7,7,'0949543034144','2021-10-13 16:45:32','Velit quaerat dolorem a ea.','Net Banking','Online',3,'2022-09-11 05:31:21'),
(99,8,8,'2001160387176','2021-10-26 19:59:39','Dolorem dolorem impedit et in eum sit sint dolorum.','Cash','Store',4,'2020-12-29 06:58:49'),
(100,9,9,'1184017334477','2022-09-24 08:07:55','Enim voluptatibus architecto rerum voluptate ad voluptatem.','Net Banking','Online',5,'2021-06-15 23:30:09');

# Insert new order product (assign a product to specific order).
# Update parent order with each product added (total amount, Status = `InProgress`)
TRUNCATE `order_products`;
INSERT INTO `order_products` (order_id, store_product_id, quantity, unit_price) VALUES
(1,1,5,157.39),
(2,2,4,38.23),
(3,3,7,188.71),
(4,4,7,151.71),
(5,5,6,133.17),
(6,6,2,38.66),
(7,7,7,55.75),
(8,8,4,84.80),
(9,9,7,66.10),
(10,10,2,50.21),
(11,11,9,19.15),
(12,12,5,59.71),
(13,13,9,30.03),
(14,14,1,127.94),
(15,15,1,177.43),
(16,16,3,94.76),
(17,17,6,104.77),
(18,18,1,129.09),
(19,19,1,130.42),
(20,20,4,25.10),
(21,21,4,128.17),
(22,22,2,114.32),
(23,23,7,117.04),
(24,24,9,120.16),
(25,25,1,47.91),
(26,26,2,34.00),
(27,27,3,76.02),
(28,28,4,67.18),
(29,29,2,107.61),
(30,30,1,18.46),
(31,31,6,199.82),
(32,32,1,143.14),
(33,33,9,45.17),
(34,34,10,128.22),
(35,35,7,149.29),
(36,36,2,64.18),
(37,37,10,19.48),
(40,40,10,132.31),
(41,41,7,91.35),
(46,46,8,63.01),
(47,47,4,42.00),
(48,48,7,27.16),
(49,49,1,1.08),
(50,50,10,164.67),
(51,51,1,9.15),
(52,52,7,59.73),
(53,53,8,125.81),
(54,54,4,86.23),
(55,55,9,23.52),
(56,56,3,61.86),
(57,57,8,73.25),
(58,58,3,48.98),
(59,59,5,39.36),
(60,60,8,129.64),
(61,61,9,62.98),
(62,62,1,127.38),
(63,63,9,72.77),
(64,64,8,183.18),
(65,65,1,180.10),
(66,66,5,83.91),
(67,67,4,172.11),
(68,68,3,62.62),
(69,69,7,33.68),
(70,70,1,92.51),
(71,71,1,189.69),
(72,72,8,39.46),
(73,73,4,142.65),
(74,74,7,180.07),
(75,75,8,79.83),
(76,76,10,157.98),
(77,77,9,191.76),
(78,78,5,80.94),
(79,79,6,56.00),
(80,80,2,45.83),
(81,81,5,122.93),
(82,82,10,91.09),
(83,83,2,46.68),
(84,84,8,108.66),
(85,85,10,44.19),
(86,86,4,51.90),
(87,87,2,132.97),
(88,88,3,173.03),
(89,89,9,122.67),
(90,90,3,44.37),
(91,91,10,116.35),
(92,92,7,92.68),
(93,93,2,63.46),
(94,94,6,22.91),
(95,95,6,191.55),
(96,96,8,39.43),
(97,97,10,38.95),
(98,98,9,172.76),
(99,99,1,62.33),
(100,100,2,33.17);

# Update order status to `Done`
# Insert new transaction for oder.
UPDATE orders set status = 'Done'
where id IN (1,2,3,4,5,6,7,8,9,10,11,12,13,14,15,16,17,18,19,20,21,22,23,24,25,26,27,28,29,30,31,32,33);

# Insert new product order
# Update product rate (product Table) to the average rates.
TRUNCATE table `product_rate`;
INSERT INTO `product_rate` (id, product_id, customer_id, rate, created_at) VALUES
(1,1,1,4.7,'2021-10-28 06:53:21'),
(2,2,2,2.9,'2022-05-04 21:55:40'),
(3,3,3,2.3,'2020-11-16 12:35:04'),
(4,4,4,1.5,'2022-11-15 01:26:17'),
(5,5,5,1.2,'2019-12-22 15:23:44'),
(6,6,6,1.3,'2020-07-03 14:36:19'),
(7,7,7,3.7,'2022-05-07 06:01:34'),
(8,8,8,4.6,'2020-11-07 20:23:42'),
(9,9,9,2.6,'2021-12-11 05:43:40'),
(10,10,10,3.3,'2020-09-20 06:20:59'),
(11,11,11,3.4,'2020-01-30 20:51:48'),
(12,12,12,2.3,'2021-03-11 00:45:43'),
(13,13,13,1.8,'2020-01-18 09:40:36'),
(14,14,14,1.4,'2020-09-22 17:21:02'),
(15,15,15,2.2,'2022-11-28 02:15:04'),
(16,16,16,2.1,'2022-05-25 11:55:48'),
(17,17,17,2.5,'2019-12-19 21:20:37'),
(18,18,18,3.9,'2021-08-22 19:27:46'),
(19,19,19,3.9,'2020-10-02 12:25:28'),
(20,20,20,3.8,'2020-04-17 16:57:13'),
(21,21,21,1.6,'2022-10-07 04:08:07'),
(22,22,22,1.9,'2020-01-21 02:06:35'),
(23,23,23,4.6,'2022-02-20 06:51:14'),
(24,24,24,3.7,'2020-03-21 08:27:03'),
(25,25,25,1.4,'2021-07-07 00:38:17'),
(26,26,26,1.7,'2022-08-07 18:14:28'),
(27,27,27,2.1,'2022-11-22 19:47:27'),
(28,28,28,3.2,'2021-12-24 05:38:00'),
(29,29,29,1.2,'2020-11-15 12:13:04'),
(30,30,30,4.9,'2020-03-24 07:58:37'),
(31,31,31,1.5,'2022-05-18 14:27:01'),
(32,32,32,4.9,'2020-03-14 16:20:09'),
(33,33,33,3.5,'2020-05-25 22:51:26'),
(34,34,34,4.8,'2021-07-01 02:10:56'),
(35,35,35,3.5,'2022-05-16 04:32:52'),
(36,36,36,2.6,'2021-06-20 14:36:34'),
(37,37,37,1.1,'2019-12-17 07:24:39'),
(38,40,38,3.8,'2022-08-04 00:14:27'),
(39,41,39,2.1,'2020-04-05 23:42:59'),
(40,46,40,4.1,'2020-07-15 09:58:26'),
(41,47,41,3.4,'2022-03-15 20:00:15'),
(42,48,42,1.8,'2020-05-08 19:31:56'),
(43,49,43,2.7,'2021-07-29 09:46:20'),
(44,50,44,4.5,'2022-04-02 21:23:36'),
(45,51,45,3.9,'2019-12-14 17:32:19'),
(46,52,46,4.9,'2021-03-17 01:49:01'),
(47,53,47,4.1,'2022-02-21 00:30:24'),
(48,54,48,4.8,'2021-05-18 07:00:43'),
(49,55,49,2.9,'2022-11-26 08:29:31'),
(50,56,50,3.0,'2021-09-14 22:41:46'),
(51,57,51,2.7,'2020-03-14 01:39:43'),
(52,58,52,4.3,'2021-03-04 20:32:03'),
(53,59,53,3.0,'2020-12-21 06:14:30'),
(54,60,54,1.8,'2020-09-20 17:18:57'),
(55,61,55,2.3,'2020-03-18 16:21:55'),
(56,62,56,3.5,'2022-04-01 08:06:00'),
(57,63,57,4.0,'2022-07-11 01:10:15'),
(58,64,58,3.9,'2020-06-09 05:37:15'),
(59,65,59,1.9,'2021-07-05 16:26:03'),
(60,66,60,2.2,'2020-07-16 10:52:58'),
(61,67,61,2.3,'2022-01-19 19:43:53'),
(62,68,62,2.4,'2020-02-15 10:30:11'),
(63,69,63,2.5,'2022-04-21 10:27:54'),
(64,70,64,3.3,'2021-03-12 15:23:08'),
(65,71,65,4.4,'2022-09-18 12:49:10'),
(66,72,66,2.2,'2020-08-23 22:47:07'),
(67,73,67,2.7,'2022-05-01 02:36:48'),
(68,74,68,1.3,'2019-12-17 08:07:46'),
(69,75,69,3.5,'2021-09-25 11:34:56'),
(70,76,70,4.7,'2021-01-23 17:43:07'),
(71,77,71,3.7,'2021-02-22 22:25:26'),
(72,78,72,1.6,'2021-11-23 19:27:28'),
(73,79,73,3.8,'2021-04-12 00:02:27'),
(74,80,74,1.1,'2021-03-25 14:08:16'),
(75,81,75,4.3,'2022-09-02 06:14:53'),
(76,82,76,1.5,'2022-03-08 12:21:39'),
(77,83,77,3.3,'2020-09-27 04:36:31'),
(78,84,78,1.5,'2020-09-11 17:13:04'),
(79,85,79,1.5,'2020-11-22 12:32:53'),
(80,86,80,1.8,'2020-03-02 06:04:31'),
(81,87,81,1.4,'2022-09-25 19:17:07'),
(82,88,82,4.6,'2022-05-13 00:44:49'),
(83,89,83,3.1,'2022-09-28 07:58:33'),
(84,90,84,2.8,'2021-12-18 23:48:47'),
(85,91,85,3.9,'2021-10-15 07:14:56'),
(86,92,86,2.4,'2022-11-26 15:27:13'),
(87,93,87,1.3,'2022-05-14 05:58:04'),
(88,94,88,2.7,'2021-01-01 19:47:39'),
(89,95,89,2.1,'2022-08-26 19:01:58'),
(90,96,90,1.4,'2022-10-23 05:38:28'),
(91,97,91,1.8,'2021-02-11 19:40:37'),
(92,98,1,3.2,'2020-12-06 19:35:38'),
(93,99,2,3.6,'2020-05-11 13:44:50'),
(94,100,3,1.7,'2021-07-07 21:11:28'),
(95,101,4,2.0,'2021-08-27 20:31:36'),
(96,102,5,3.8,'2022-06-01 04:20:06'),
(97,103,6,4.9,'2022-09-15 21:22:15'),
(98,104,7,4.6,'2021-08-20 10:16:09'),
(99,105,8,3.9,'2021-01-30 18:10:43'),
(100,106,9,2.0,'2022-02-28 16:15:43');

SET FOREIGN_KEY_CHECKS = 0;